,Player,Eligible,Hall_of_Fame,MVP,All_Star,FG%_totals,TRB_totals,BLK_totals,pts_per_g_seasonal,ws_seasonal,PER_advanced,OWS_advanced,DWS_advanced,Champ,pred
10,Precious Achiuwa,0,0,0,0,0.474,1009.0,99.0,0,0,13.8,1.5,4.5,0,0.0005064584127679384
20,Jaylen Adams,0,0,0,0,0.331,63.0,5.0,0,0,7.0,-0.2,0.2,0,0.00038675368986347287
23,Steven Adams,0,0,0,0,0.587,5788.0,675.0,0,0,17.1,33.3,26.0,0,0.0005735321451285011
25,Bam Adebayo,0,0,0,2,0.554,3538.0,370.0,0,2,20.0,23.1,19.8,0,0.007649806024589752
30,Ochai Agbaji,0,0,0,0,0.427,121.0,15.0,0,0,9.5,0.9,0.4,0,0.0003479905630570426
43,Santi Aldama,0,0,0,0,0.457,458.0,58.0,0,0,13.3,2.1,2.8,0,0.0004923998316564739
46,LaMarcus Aldridge,0,0,0,7,0.493,8736.0,1187.0,15,4,20.7,72.9,42.8,0,0.8455581672916209
53,Kyle Alexander,0,0,0,0,0.5,3.0,0.0,0,0,4.7,0.0,0.0,0,0.00017622228301265562
54,Ty-Shon Alexander,0,0,0,0,0.25,10.0,1.0,0,0,4.2,-0.1,0.0,0,0.00038903513464377863
56,Nickeil Alexander-Walker,0,0,0,0,0.397,516.0,74.0,0,0,11.0,-1.7,3.4,0,0.0005281174140582975
61,Grayson Allen,0,0,0,0,0.435,727.0,48.0,0,0,12.2,7.5,5.6,0,0.0005384538341786249
62,Jarrett Allen,0,0,0,1,0.63,3630.0,549.0,0,3,20.0,27.6,16.9,0,0.0014148083559605495
64,Kadeem Allen,0,0,0,0,0.435,71.0,8.0,0,0,13.5,0.6,0.4,0,0.0004980238492887817
79,Jose Alvarado,0,0,0,0,0.424,241.0,17.0,0,0,13.6,1.1,2.8,0,0.0006081349696975968
82,Al-Farouq Aminu,0,0,0,0,0.42,4280.0,397.0,0,0,12.2,6.8,20.7,0,0.0009096287801453097
99,Justin Anderson,0,0,0,0,0.41,621.0,80.0,0,0,12.4,1.4,3.5,0,0.0005451832434019625
102,Kyle Anderson,0,0,0,0,0.481,2588.0,361.0,0,0,14.3,11.5,20.6,0,0.0010789212646328116
107,Ryan Anderson,0,0,0,0,0.422,3413.0,217.0,0,2,16.5,34.3,12.4,0,0.0006175303724167291
116,Giannis Antetokounmpo,0,0,2,7,0.537,6891.0,907.0,41,38,24.9,58.7,37.4,1,0.9998767276793903
117,Kostas Antetokounmpo,0,0,0,0,0.375,23.0,4.0,0,0,3.6,-0.4,0.2,1,0.0004934574845245357
118,Thanasis Antetokounmpo,0,0,0,0,0.507,294.0,27.0,0,0,10.8,0.3,1.6,1,0.0006464460889640737
119,Carmelo Anthony,0,0,0,10,0.447,7808.0,644.0,62,0,19.5,70.8,37.8,0,0.9998997511414425
120,Cole Anthony,0,0,0,0,0.411,857.0,66.0,0,0,13.9,1.1,4.2,0,0.0006480549200211757
124,OG Anunoby,0,0,0,0,0.471,1578.0,188.0,0,0,13.2,8.9,13.3,1,0.001526272317854364
130,Ryan Arcidiacono,0,0,0,0,0.424,444.0,7.0,0,0,9.9,3.8,2.3,0,0.0003919880940507409
133,Trevor Ariza,0,0,0,0,0.422,5356.0,355.0,0,0,13.1,24.9,39.4,1,0.005970396756140138
159,D.J. Augustin,0,0,0,0,0.412,1805.0,32.0,0,0,14.0,33.2,14.4,0,0.0008421085386592747
164,Deni Avdija,0,0,0,0,0.431,1174.0,88.0,0,0,10.5,0.5,5.4,0,0.0004630135782769332
169,Joel Ayayi,0,0,0,0,0.167,3.0,0.0,0,0,3.4,0.0,0.0,0,0.00047740761698663144
172,Deandre Ayton,0,0,0,0,0.597,3152.0,299.0,0,0,20.5,18.4,12.5,0,0.0006004566100712761
174,Udoka Azubuike,0,0,0,0,0.769,203.0,30.0,0,0,16.0,1.0,0.8,0,0.0002031467711455526
179,Dwayne Bacon,0,0,0,0,0.402,537.0,14.0,0,0,8.9,-1.4,2.2,0,0.0004033048983729045
184,Marvin Bagley III,0,0,0,0,0.506,1493.0,140.0,0,0,17.1,5.3,4.0,0,0.0005114314955537483
197,Patrick Baldwin Jr.,0,0,0,0,0.394,40.0,4.0,0,0,11.3,-0.1,0.3,0,0.0004705577016496296
201,LaMelo Ball,0,0,0,1,0.426,1034.0,59.0,0,0,18.6,4.9,5.6,0,0.0027198731209657824
202,Lonzo Ball,0,0,0,0,0.4,1447.0,162.0,0,0,13.4,2.1,9.4,0,0.0008236487504296405
205,Mo Bamba,0,0,0,0,0.476,1597.0,369.0,0,0,16.7,4.7,7.9,0,0.0006261322038943166
206,Paolo Banchero,0,0,0,0,0.427,497.0,39.0,0,0,14.9,-0.3,2.6,0,0.0006477999343993264
207,Desmond Bane,0,0,0,0,0.469,835.0,67.0,0,0,16.6,9.5,6.4,0,0.000726380446696506
213,Dalano Banton,0,0,0,0,0.416,169.0,23.0,0,0,11.4,-0.4,1.2,0,0.0004611641245802179
214,Cat Barber,0,0,0,0,0.0,3.0,0.0,0,0,-11.2,-0.1,0.0,0,0.00021738116084887437
218,J.J. Barea,0,0,0,0,0.424,1748.0,24.0,0,0,14.5,13.7,10.1,1,0.0016075543434051934
225,Dominick Barlow,0,0,0,0,0.535,102.0,19.0,0,0,12.4,0.5,0.2,0,0.00031332318085532855
226,Harrison Barnes,0,0,0,0,0.455,4183.0,152.0,0,0,13.8,32.1,19.3,1,0.0014285789162227995
231,Scottie Barnes,0,0,0,0,0.473,1069.0,116.0,0,0,15.9,6.0,5.7,0,0.0006242684823678229
244,RJ Barrett,0,0,0,0,0.422,1469.0,68.0,0,0,12.8,-0.2,8.2,0,0.0007250321821412302
253,Will Barton,0,0,0,0,0.43,2792.0,272.0,0,0,13.9,12.7,13.8,0,0.0007342701591640955
257,Paris Bass,0,0,0,0,0.333,4.0,0.0,0,0,13.9,0.0,0.0,0,0.0007212724140237256
259,Charles Bassey,0,0,0,0,0.643,255.0,50.0,0,0,19.5,1.2,0.9,0,0.0004213059003058652
263,Keita Bates-Diop,0,0,0,0,0.48,738.0,77.0,0,0,12.9,3.4,2.8,0,0.00040975105477239655
272,Nicolas Batum,0,0,0,0,0.436,5006.0,623.0,0,0,14.4,36.4,30.6,0,0.0011795395859934817
279,Aron Baynes,0,0,0,0,0.489,2396.0,255.0,0,0,13.7,9.1,11.0,1,0.0010672507004955965
281,Kent Bazemore,0,0,0,0,0.413,2072.0,309.0,0,0,11.4,-3.6,17.1,0,0.001079919269423996
282,Darius Bazley,0,0,0,0,0.411,1216.0,170.0,0,0,11.1,-3.2,6.0,0,0.0005417291614686528
284,Bradley Beal,0,0,0,3,0.46,2837.0,284.0,18,0,18.4,34.0,18.2,0,0.10215804441834193
291,Malik Beasley,0,0,0,0,0.422,1108.0,53.0,0,0,12.4,5.8,6.0,0,0.0005730563754551491
295,MarJon Beauchamp,0,0,0,0,0.395,115.0,7.0,0,0,8.2,-0.4,0.8,0,0.0003635196656787004
306,Marco Belinelli,0,0,0,0,0.424,1769.0,65.0,0,0,12.2,18.0,12.5,1,0.00143376061188328
309,Jordan Bell,0,0,0,0,0.552,497.0,122.0,0,0,15.0,2.1,2.8,1,0.0007983364886216126
314,DeAndre' Bembry,0,0,0,0,0.474,950.0,120.0,0,0,10.5,-1.2,5.6,0,0.00042009642413258334
317,Dragan Bender,0,0,0,0,0.399,720.0,106.0,0,0,7.6,-1.3,1.8,0,0.00031918206499371006
339,Dāvis Bertāns,0,0,0,0,0.425,1098.0,155.0,0,0,12.9,11.2,6.6,0,0.0005377256332758194
342,Patrick Beverley,0,0,0,0,0.413,2490.0,312.0,0,0,12.3,20.4,17.0,0,0.0007854980178232598
343,Saddiq Bey,0,0,0,0,0.406,1121.0,43.0,0,0,13.8,6.6,4.5,0,0.0006074786941443101
344,Tyler Bey,0,0,0,0,0.318,19.0,1.0,0,0,5.9,-0.1,0.0,0,0.00036191324919525493
359,Khem Birch,0,0,0,0,0.52,1241.0,154.0,0,0,14.6,8.2,5.2,0,0.0004191002586714716
365,Goga Bitadze,0,0,0,0,0.49,570.0,165.0,0,0,16.1,2.6,2.7,0,0.0005129751411454572
366,Bismack Biyombo,0,0,0,0,0.533,4742.0,1040.0,0,0,13.2,12.0,19.3,0,0.0003365310245359386
367,Nemanja Bjelica,0,0,0,0,0.466,2051.0,184.0,0,0,13.7,11.1,8.8,1,0.0010384720331645125
387,Eric Bledsoe,0,0,0,0,0.452,2937.0,344.0,0,0,17.0,22.2,23.9,0,0.0016473243195850847
388,Keljin Blevins,0,0,0,0,0.298,55.0,1.0,0,0,3.8,-0.8,0.1,0,0.00032291281370544077
400,Buddy Boeheim,0,0,0,0,0.185,6.0,0.0,0,0,0.5,-0.2,0.0,0,0.00034469069583023846
403,Bogdan Bogdanović,0,0,0,0,0.44,1248.0,91.0,0,0,14.8,12.0,7.0,0,0.0006381935198153888
404,Bojan Bogdanović,0,0,0,0,0.46,2407.0,50.0,0,0,14.3,24.4,12.2,0,0.0006370507175866109
408,Bol Bol,0,0,0,0,0.533,468.0,103.0,0,0,13.9,-0.1,2.6,0,0.0003958532317447225
410,Jonah Bolden,0,0,0,0,0.486,174.0,41.0,0,0,12.2,0.4,1.0,0,0.000377018415089569
411,Marques Bolden,0,0,0,0,0.333,8.0,2.0,0,0,13.9,0.0,0.1,0,0.0007255705633423254
413,Leandro Bolmaro,0,0,0,0,0.27,50.0,1.0,0,0,3.1,-0.5,0.2,0,0.000333969842778115
419,Jordan Bone,0,0,0,0,0.378,28.0,0.0,0,0,7.1,0.0,0.1,0,0.00033263330579209253
421,Isaac Bonga,0,0,0,0,0.432,320.0,37.0,0,0,8.4,0.4,1.3,0,0.0003203353806943436
426,Devin Booker,0,0,0,3,0.461,2105.0,146.0,9,0,18.4,25.1,10.8,0,0.036771057724276864
442,Brandon Boston Jr.,0,0,0,0,0.394,141.0,13.0,0,0,11.8,-0.5,1.1,0,0.0005174385606285626
445,Chris Boucher,0,0,0,0,0.486,1653.0,335.0,0,0,19.5,12.8,8.7,2,0.00304823776947952
446,James Bouknight,0,0,0,0,0.353,124.0,6.0,0,0,7.7,-1.0,0.5,0,0.0003933126577838991
448,Jamaree Bouyea,0,0,0,0,0.429,6.0,2.0,0,0,6.5,-0.1,0.1,0,0.00026601513681218596
451,Brian Bowen,0,0,0,0,0.286,10.0,1.0,0,0,0.4,-0.1,0.0,0,0.00024275816469048963
459,Ky Bowman,0,0,0,0,0.417,121.0,10.0,0,0,9.1,-0.6,0.6,0,0.0003610958401133757
474,Avery Bradley,0,0,0,0,0.434,1863.0,128.0,0,0,10.7,0.3,16.9,0,0.0010303863391259516
482,Tony Bradley,0,0,0,0,0.631,729.0,99.0,0,0,19.3,4.7,2.9,0,0.00043499998837584855
490,Malaki Branham,0,0,0,0,0.44,181.0,7.0,0,0,9.5,-0.4,0.2,0,0.00033312100606887237
494,Jarrell Brantley,0,0,0,0,0.457,53.0,9.0,0,0,13.9,0.2,0.4,0,0.0004835315610190069
498,Christian Braun,0,0,0,0,0.495,181.0,17.0,0,0,10.3,0.7,1.2,0,0.0003156493759685636
499,Ignas Brazdeikis,0,0,0,0,0.416,122.0,7.0,0,0,9.6,0.0,0.4,0,0.0003710977886798735
505,Corey Brewer,0,0,0,0,0.425,2287.0,222.0,0,0,11.8,5.6,16.9,1,0.0019315332260123207
515,Mikal Bridges,0,0,0,0,0.495,1576.0,244.0,0,0,14.4,19.3,12.8,0,0.0006267594118757659
516,Miles Bridges,0,0,0,0,0.473,1641.0,216.0,0,0,14.8,9.0,7.0,0,0.0005164021026840116
518,Amida Brimah,0,0,0,0,0.625,8.0,5.0,0,0,16.6,0.0,0.1,0,0.0003490081644497809
522,Oshae Brissett,0,0,0,0,0.412,717.0,63.0,0,0,12.6,2.9,2.4,0,0.0004947428460974183
529,Ryan Broekhoff,0,0,0,0,0.427,106.0,8.0,0,0,11.4,0.7,0.5,0,0.00042215701134371854
531,Malcolm Brogdon,0,0,0,0,0.467,1678.0,95.0,0,0,17.0,19.7,10.3,0,0.000783715902420328
536,Armoni Brooks,0,0,0,0,0.366,171.0,16.0,0,0,9.2,0.0,0.6,0,0.0004240829153240098
537,Dillon Brooks,0,0,0,0,0.416,1073.0,98.0,0,0,10.9,-1.3,8.1,0,0.0006457608512879523
546,Bruce Brown,0,0,0,0,0.482,1481.0,196.0,0,0,12.8,8.0,9.1,0,0.0005171796004178098
547,Charlie Brown Jr.,0,0,0,0,0.287,53.0,8.0,0,0,6.0,-0.4,0.4,0,0.00041605779319411483
548,Chaundee Brown Jr.,0,0,0,0,0.313,16.0,0.0,0,0,6.4,0.0,0.0,0,0.00038531655522500223
559,Greg Brown III,0,0,0,0,0.422,154.0,29.0,0,0,10.4,-0.3,0.6,0,0.00039154667379143876
562,Jaylen Brown,0,0,0,2,0.477,2453.0,172.0,2,0,16.4,11.1,18.4,0,0.011805523527215742
565,Kendall Brown,0,0,0,0,0.571,6.0,0.0,0,0,9.1,0.0,0.1,0,0.0002100791627951153
574,Moses Brown,0,0,0,0,0.571,671.0,78.0,0,0,19.1,2.4,2.5,0,0.0005345326246276489
583,Sterling Brown,0,0,0,0,0.419,891.0,47.0,0,0,10.0,1.2,5.4,0,0.00048776038836988416
586,Troy Brown Jr.,0,0,0,0,0.429,1144.0,39.0,0,0,11.0,3.0,4.8,0,0.0004675343114379512
591,Jalen Brunson,0,0,0,0,0.493,1084.0,27.0,0,0,17.2,18.8,7.2,0,0.0006596080566200849
594,Elijah Bryant,0,0,0,0,0.462,6.0,1.0,0,0,10.6,0.0,0.0,1,0.0006915946343913777
599,Thomas Bryant,0,0,0,0,0.598,1310.0,177.0,0,0,20.0,11.5,4.2,0,0.00045669592615443636
603,Shaq Buchanan,0,0,0,0,0.25,2.0,0.0,0,0,0.6,-0.1,0.0,0,0.00027951655794694624
615,Reggie Bullock,0,0,0,0,0.425,1378.0,76.0,0,0,10.1,10.3,10.5,0,0.0005835712190150188
623,Trey Burke,0,0,0,0,0.41,878.0,52.0,0,0,13.8,7.7,5.3,0,0.000645707895848938
625,Alec Burks,0,0,0,0,0.419,2368.0,140.0,0,0,14.2,15.7,12.9,0,0.0008144344540587381
637,Deonte Burton,0,0,0,0,0.364,85.0,18.0,0,0,5.2,-1.1,0.7,0,0.0003051434519452964
648,Jared Butler,0,0,0,0,0.415,49.0,8.0,0,0,12.2,0.0,0.6,0,0.00048535328372729036
649,Jimmy Butler,0,0,0,6,0.467,4033.0,344.0,0,31,21.6,73.1,32.8,0,0.5390940423522139
650,John Butler,0,0,0,0,0.321,17.0,9.0,0,0,5.7,-0.1,0.1,0,0.0003525962335049662
664,Bruno Caboclo,0,0,0,0,0.403,268.0,59.0,0,0,11.3,-0.1,1.6,0,0.0004716999680158532
665,Devontae Cacok,0,0,0,0,0.621,79.0,11.0,0,0,19.2,0.4,0.5,1,0.0009130167166645385
668,Jamal Cain,0,0,0,0,0.561,52.0,1.0,0,0,16.5,0.5,0.3,0,0.00043105717685410427
675,Kentavious Caldwell-Pope,0,0,0,0,0.424,2356.0,189.0,0,0,11.9,18.5,20.7,1,0.0022389875387715526
685,Facundo Campazzo,0,0,0,0,0.369,253.0,37.0,0,0,11.3,2.1,3.0,0,0.0005830998139521134
689,Vlatko Čančar,0,0,0,0,0.479,219.0,20.0,0,0,11.0,1.2,1.3,0,0.0003530334777344982
690,Devin Cannady,0,0,0,0,0.361,11.0,4.0,0,0,9.5,0.0,0.2,0,0.0004427419815403334
692,Clint Capela,0,0,0,0,0.627,5740.0,792.0,0,3,22.2,38.2,21.9,0,0.0005144438415113547
696,Vernon Carey Jr.,0,0,0,0,0.474,50.0,8.0,0,0,12.5,0.0,0.2,0,0.00039660207628845225
715,DeMarre Carroll,0,0,0,0,0.43,2454.0,151.0,0,0,13.3,15.5,14.1,0,0.0007812042995824058
725,Jevon Carter,0,0,0,0,0.4,588.0,80.0,0,0,10.6,2.6,5.4,0,0.0005482286700072324
729,Vince Carter,0,0,0,8,0.435,6606.0,888.0,27,9,18.6,80.7,44.6,0,0.9877930580439716
730,Wendell Carter Jr.,0,0,0,0,0.516,2300.0,212.0,0,0,16.8,9.3,8.9,0,0.0005709676398363479
731,Michael Carter-Williams,0,0,0,0,0.402,1718.0,215.0,0,0,13.5,-4.8,11.4,0,0.0009884498806003303
734,Alex Caruso,0,0,0,0,0.429,769.0,113.0,0,0,11.3,2.9,8.9,1,0.0013323572330002345
744,Willie Cauley-Stein,0,0,0,0,0.544,2470.0,335.0,0,0,16.6,12.5,10.9,0,0.000511524485980517
749,Ahmad Caver,0,0,0,0,1.0,0.0,0.0,0,0,76.2,0.0,0.0,0,0.023749725527974015
759,Julian Champagnie,0,0,0,0,0.454,60.0,5.0,0,0,13.4,0.3,0.1,0,0.0004556751712979468
760,Justin Champagnie,0,0,0,0,0.439,80.0,4.0,0,0,13.2,0.5,0.3,0,0.00047564412925975454
762,Kennedy Chandler,0,0,0,0,0.422,38.0,5.0,0,0,10.6,-0.1,0.4,0,0.0004045935105880146
763,Tyson Chandler,0,0,0,1,0.597,10467.0,1335.0,0,6,16.1,56.3,45.8,1,0.0033734128053603315
764,Wilson Chandler,0,0,0,0,0.443,3574.0,414.0,0,0,12.8,15.2,13.7,0,0.0004942847061095363
772,Joe Chealey,0,0,0,0,0.1,0.0,0.0,0,0,-1.9,-0.2,0.0,0,0.00036755686569448436
774,Zylan Cheatham,0,0,0,0,0.5,9.0,1.0,0,0,4.0,-0.1,0.0,0,0.00016516835715729212
783,Chris Chiozza,0,0,0,0,0.353,117.0,11.0,0,0,9.3,-0.3,1.1,1,0.0009471281245979637
786,Marquese Chriss,0,0,0,0,0.456,1366.0,227.0,0,0,13.4,1.1,5.4,0,0.0004866068207988846
791,Max Christie,0,0,0,0,0.415,75.0,7.0,0,0,7.4,0.1,0.5,0,0.00030783721166968307
795,Josh Christopher,0,0,0,0,0.455,257.0,28.0,0,0,11.9,-0.7,1.0,0,0.00041239937878269865
803,Gary Clark,0,0,0,0,0.351,431.0,62.0,0,0,9.0,1.0,2.0,0,0.00045054509371187653
806,Brandon Clarke,0,0,0,0,0.604,1325.0,204.0,0,0,20.4,12.7,7.2,0,0.0005669582604769539
808,Jordan Clarkson,0,0,0,0,0.44,2217.0,101.0,0,0,15.6,14.5,8.9,0,0.0006716557452462914
813,Nic Claxton,0,0,0,0,0.679,1176.0,288.0,0,2,19.4,8.8,6.3,0,0.00038616941519752904
818,Chris Clemons,0,0,0,0,0.401,30.0,6.0,0,0,13.1,0.1,0.2,0,0.0005369105902098479
819,Antonius Cleveland,0,0,0,0,0.343,21.0,8.0,0,0,4.0,-0.3,0.2,0,0.0002830059514224523
826,Amir Coffey,0,0,0,0,0.436,310.0,22.0,0,0,11.0,2.8,2.3,0,0.0004257606927965571
845,John Collins,0,0,0,0,0.551,2903.0,377.0,0,0,19.1,22.8,9.6,0,0.00044999876631854796
848,Zach Collins,0,0,0,0,0.477,1169.0,174.0,0,0,13.1,2.7,4.7,0,0.00043542284188850995
850,Darren Collison,0,0,0,0,0.471,1889.0,106.0,0,0,16.2,34.4,15.5,0,0.0008515506157248878
856,Chance Comanche,0,0,0,0,0.6,3.0,1.0,0,0,12.2,0.0,0.0,0,0.00025170696917105616
865,Mike Conley,0,0,0,1,0.439,3054.0,211.0,0,0,17.4,59.5,32.8,0,0.0063786670365732785
868,Pat Connaughton,0,0,0,0,0.436,1675.0,129.0,0,0,11.4,9.8,10.8,1,0.0012127179115038987
882,Quinn Cook,0,0,0,0,0.461,314.0,7.0,0,0,12.3,2.2,1.9,2,0.0017521761313604347
883,Tyler Cook,0,0,0,0,0.654,162.0,6.0,0,0,13.4,1.0,0.6,0,0.0002366176799464686
887,Xavier Cooks,0,0,0,0,0.607,38.0,4.0,0,0,14.3,0.1,0.2,0,0.00030074514834282353
893,Sharife Cooper,0,0,0,0,0.214,5.0,0.0,0,0,-5.4,-0.2,0.0,0,0.0001814003744315258
903,Petr Cornelie,0,0,0,0,0.333,14.0,1.0,0,0,9.6,-0.1,0.0,0,0.000484636969778062
915,DeMarcus Cousins,0,0,0,4,0.46,6664.0,742.0,19,0,22.0,18.0,28.7,0,0.3710697255078107
917,Robert Covington,0,0,0,0,0.408,3288.0,560.0,0,0,13.1,7.7,22.7,0,0.0012110668218352151
922,Allen Crabbe,0,0,0,0,0.425,1073.0,104.0,0,0,10.8,8.1,5.7,0,0.0004482995226801352
923,Torrey Craig,0,0,0,0,0.456,1512.0,221.0,0,0,11.2,6.6,7.9,0,0.00044149755681673866
926,Jamal Crawford,0,0,0,0,0.41,2948.0,271.0,0,0,15.1,42.1,18.6,0,0.000834012891816569
951,Jae Crowder,0,0,0,0,0.418,3210.0,260.0,0,0,12.7,18.1,23.3,0,0.0012833502248053227
953,Jarrett Culver,0,0,0,0,0.401,402.0,54.0,0,0,9.3,-2.1,2.1,0,0.00041628262503806094
954,Jarron Cumberland,0,0,0,0,0.5,3.0,0.0,0,0,8.4,0.0,0.0,0,0.00024800054341618733
959,Cade Cunningham,0,0,0,0,0.416,428.0,50.0,0,0,13.2,-2.8,2.1,0,0.0005726348601659103
973,Seth Curry,0,0,0,0,0.475,943.0,60.0,0,0,13.7,14.8,7.8,0,0.0005598182916148155
974,Stephen Curry,0,0,2,9,0.475,4179.0,207.0,41,36,23.8,93.4,34.6,4,0.9999984408349831
986,Dyson Daniels,0,0,0,0,0.418,188.0,11.0,0,0,8.8,-0.1,1.4,0,0.0003667568932885469
991,Troy Daniels,0,0,0,0,0.401,446.0,21.0,0,0,10.4,3.2,1.9,0,0.0004287492833289853
999,Nate Darling,0,0,0,0,0.286,1.0,1.0,0,0,8.2,0.0,0.0,0,0.0004987436955744226
1009,Anthony Davis,0,0,0,8,0.519,6865.0,1527.0,28,21,27.0,62.5,37.8,1,0.9932904517515984
1023,Ed Davis,0,0,0,0,0.567,4616.0,566.0,0,0,16.4,25.2,18.1,0,0.0004363603080290637
1029,Johnny Davis,0,0,0,0,0.386,65.0,8.0,0,0,7.2,-0.6,0.3,0,0.0003312618408728541
1042,Terence Davis,0,0,0,0,0.434,624.0,51.0,0,0,13.4,1.3,4.1,0,0.0005912975559288409
1049,JD Davison,0,0,0,0,0.421,9.0,2.0,0,0,10.1,0.0,0.1,0,0.00038031174382594874
1061,Darius Days,0,0,0,0,0.417,6.0,1.0,0,0,18.3,0.1,0.0,0,0.0008149968846405707
1066,Javin DeLaurier,0,0,0,0,0.0,1.0,0.0,0,0,15.6,0.0,0.0,0,0.002574967396798802
1069,DeMar DeRozan,0,0,0,6,0.468,4570.0,316.0,15,0,19.0,66.1,26.1,0,0.6321375836928717
1072,Gabriel Deck,0,0,0,0,0.494,46.0,0.0,0,0,15.1,0.5,0.2,0,0.00047117801466381004
1073,Dewayne Dedmon,0,0,0,0,0.526,2970.0,409.0,0,0,15.1,9.7,13.5,0,0.0005356245487469261
1079,Sam Dekker,0,0,0,0,0.478,607.0,37.0,0,0,12.7,3.0,2.3,0,0.00041003203560129053
1086,Matthew Dellavedova,0,0,0,0,0.385,811.0,21.0,0,0,9.7,6.1,4.2,1,0.000932807187745614
1101,Donte DiVincenzo,0,0,0,0,0.42,1258.0,59.0,0,0,12.7,4.3,9.0,1,0.0015026682448257638
1102,Moussa Diabaté,0,0,0,0,0.511,50.0,8.0,0,0,14.2,0.2,0.2,0,0.0004087244095740443
1103,Mamadi Diakite,0,0,0,0,0.474,123.0,24.0,0,0,10.9,0.0,0.8,1,0.000704485267730799
1105,Cheick Diallo,0,0,0,0,0.596,759.0,73.0,0,0,17.0,3.5,2.9,0,0.00040817993081498764
1106,Hamidou Diallo,0,0,0,0,0.495,1007.0,76.0,0,0,13.6,0.7,5.5,0,0.0005158089765026348
1119,Gorgui Dieng,0,0,0,0,0.496,3534.0,549.0,0,0,16.2,17.0,13.7,0,0.000504027431386573
1120,Ousmane Dieng,0,0,0,0,0.42,105.0,7.0,0,0,9.3,-0.1,0.6,0,0.00036317848614287777
1132,Spencer Dinwiddie,0,0,0,0,0.417,1437.0,128.0,0,0,15.5,19.8,8.9,0,0.000727671411785377
1144,Luka Dončić,0,0,0,4,0.466,2825.0,144.0,27,5,25.2,24.8,14.4,0,0.5608571915448923
1153,Tyler Dorsey,0,0,0,0,0.392,245.0,7.0,0,0,10.7,0.3,0.8,0,0.0004500447769073287
1154,Luguentz Dort,0,0,0,0,0.393,826.0,64.0,0,0,10.8,0.5,4.9,0,0.0005542400577808162
1155,Ayo Dosunmu,0,0,0,0,0.506,434.0,55.0,0,0,10.7,2.4,3.6,0,0.0003505606216789715
1156,Damyean Dotson,0,0,0,0,0.417,532.0,20.0,0,0,10.3,1.1,1.9,0,0.0004100883986016739
1157,Devon Dotson,0,0,0,0,0.426,24.0,0.0,0,0,11.0,0.1,0.2,0,0.00040881209368001306
1165,Sekou Doumbouya,0,0,0,0,0.388,267.0,19.0,0,0,6.9,-1.7,1.3,0,0.0003396186359973282
1171,Jeff Dowtin,0,0,0,0,0.398,41.0,4.0,0,0,9.0,0.1,0.3,0,0.0003743632403220961
1174,PJ Dozier,0,0,0,0,0.402,332.0,35.0,0,0,10.3,-0.2,2.0,0,0.0004499017182404082
1176,Goran Dragić,0,0,0,1,0.459,2816.0,167.0,0,0,16.5,36.5,20.2,0,0.002981921567446135
1188,Andre Drummond,0,0,0,2,0.542,9963.0,1082.0,0,1,21.8,26.8,43.7,0,0.014675253064771524
1190,Chris Duarte,0,0,0,0,0.41,341.0,19.0,0,0,10.9,-0.2,1.1,0,0.00043553921358699827
1195,Jared Dudley,0,0,0,0,0.463,2849.0,167.0,0,0,12.5,27.8,15.2,1,0.0011219630281817544
1200,David Duke Jr.,0,0,0,0,0.403,96.0,8.0,0,0,9.4,-0.2,0.5,0,0.0003857170521915701
1209,Kris Dunn,0,0,0,0,0.432,915.0,116.0,0,0,12.4,-1.5,7.3,0,0.000667235764137924
1213,Kevin Durant,0,0,1,13,0.499,6959.0,1105.0,70,55,25.3,115.8,46.1,2,0.9999999467815357
1214,Jalen Duren,0,0,0,0,0.648,595.0,59.0,0,0,17.3,2.9,1.6,0,0.00033119083078787185
1231,Tari Eason,0,0,0,0,0.448,496.0,47.0,0,0,15.2,0.9,1.7,0,0.000565235192877616
1239,Jaime Echenique,0,0,0,0,0.0,0.0,0.0,0,0,0.0,0.0,0.0,0,0.0006108035185388692
1248,Anthony Edwards,0,0,0,1,0.441,1137.0,140.0,0,0,16.0,1.5,7.4,0,0.0022898734285847293
1251,Carsen Edwards,0,0,0,0,0.364,79.0,5.0,0,0,8.1,-0.4,0.6,0,0.000395841155659811
1258,Kessler Edwards,0,0,0,0,0.406,233.0,30.0,0,0,8.3,-0.2,1.2,0,0.0003523337169237252
1260,Rob Edwards,0,0,0,0,0.25,3.0,0.0,0,0,-0.8,-0.1,0.0,0,0.0002455858890699587
1273,CJ Elleby,0,0,0,0,0.39,259.0,22.0,0,0,9.2,-0.1,0.6,0,0.0003855335054261622
1275,Henry Ellenson,0,0,0,0,0.371,206.0,3.0,0,0,10.7,-0.4,0.8,0,0.0004916054328415531
1276,Wayne Ellington,0,0,0,0,0.41,1643.0,66.0,0,0,11.1,13.0,8.2,0,0.0005249152195046848
1284,Keon Ellis,0,0,0,0,0.438,8.0,1.0,0,0,14.0,0.2,0.1,0,0.0005139496821863537
1294,Joel Embiid,0,0,1,6,0.501,4402.0,654.0,34,16,27.9,33.0,23.0,0,0.9923230210533149
1307,James Ennis III,0,0,0,0,0.457,1306.0,113.0,0,0,11.7,9.3,6.9,0,0.0004555772369419372
1317,Drew Eubanks,0,0,0,0,0.607,1160.0,213.0,0,0,17.1,6.9,4.2,0,0.0003595033964529083
1322,Jacob Evans,0,0,0,0,0.337,66.0,15.0,0,0,4.8,-0.9,0.3,0,0.0003125090629607915
1331,Dante Exum,0,0,0,0,0.407,441.0,44.0,0,0,8.3,-0.6,3.6,0,0.0004110498208427236
1337,Tacko Fall,0,0,0,0,0.673,90.0,30.0,0,0,18.8,0.2,0.5,0,0.0003639845702372047
1348,Derrick Favors,0,0,0,0,0.534,5608.0,939.0,0,0,18.8,31.7,28.5,0,0.0008467837401462347
1358,Cristiano Felício,0,0,0,0,0.572,992.0,50.0,0,0,14.0,5.9,3.1,0,0.0003245741100294145
1366,Terrance Ferguson,0,0,0,0,0.404,263.0,43.0,0,0,5.6,1.3,3.1,0,0.0003104942438083582
1368,Bruno Fernando,0,0,0,0,0.527,468.0,65.0,0,0,13.2,0.8,1.3,0,0.00034663932137937086
1373,Yogi Ferrell,0,0,0,0,0.42,537.0,29.0,0,0,12.2,4.1,3.6,0,0.0005270973436036481
1387,Dorian Finney-Smith,0,0,0,0,0.437,2108.0,204.0,0,0,10.9,11.0,11.8,0,0.0005474277514360774
1392,Malik Fitts,0,0,0,0,0.409,20.0,0.0,0,0,9.6,0.1,0.1,0,0.0003775166362631927
1404,Malachi Flynn,0,0,0,0,0.374,255.0,15.0,0,0,10.4,0.4,1.9,0,0.0005030232651028373
1410,Simone Fontecchio,0,0,0,0,0.369,86.0,8.0,0,0,8.0,-0.4,0.3,0,0.0003754577846674197
1412,Bryn Forbes,0,0,0,0,0.436,718.0,14.0,0,0,11.0,7.0,4.7,1,0.0009269459786655926
1414,Aleem Ford,0,0,0,0,0.3,15.0,0.0,0,0,0.5,-0.2,0.1,0,0.00023597139753641784
1427,Trent Forrest,0,0,0,0,0.465,180.0,12.0,0,0,10.0,0.6,1.4,0,0.00034671275195296647
1435,Michael Foster Jr.,0,0,0,0,0.0,0.0,0.0,0,0,0.0,0.0,0.0,0,0.0006108035185388692
1438,Evan Fournier,0,0,0,0,0.443,1820.0,101.0,0,0,13.6,17.5,13.0,0,0.0007740646756140913
1443,De'Aaron Fox,0,0,0,1,0.472,1444.0,165.0,0,0,18.3,14.6,8.6,0,0.0022027571664858937
1455,Robert Franks,0,0,0,0,0.464,14.0,3.0,0,0,16.5,0.3,0.1,0,0.0005911709293935914
1457,Melvin Frazier,0,0,0,0,0.34,28.0,2.0,0,0,4.2,-0.6,0.2,0,0.0002934027597477661
1458,Michael Frazier,0,0,0,0,0.241,10.0,0.0,0,0,-0.9,-0.2,0.1,0,0.00025289260433795815
1459,Tim Frazier,0,0,0,0,0.4,654.0,26.0,0,0,11.3,2.1,4.2,0,0.0005517517342143457
1465,Enes Freedom,0,0,0,0,0.548,5822.0,363.0,0,0,20.8,36.0,16.8,0,0.0005323378803814421
1484,Markelle Fultz,0,0,0,0,0.472,659.0,53.0,0,0,14.8,1.8,5.4,0,0.0006480551409063329
1488,Wenyen Gabriel,0,0,0,0,0.531,489.0,61.0,0,0,12.8,1.9,2.1,0,0.00034584637957479555
1490,Daniel Gafford,0,0,0,0,0.706,1177.0,329.0,0,0,20.3,11.8,5.6,0,0.0003319924229195133
1502,Danilo Gallinari,0,0,0,0,0.428,3510.0,262.0,0,0,16.9,49.8,14.3,0,0.0005525238437611089
1503,Langston Galloway,0,0,0,0,0.397,1106.0,64.0,0,0,11.4,7.6,6.8,0,0.0005858706116014476
1518,Darius Garland,0,0,0,1,0.449,649.0,26.0,0,0,15.7,7.4,6.4,0,0.0021393723362378887
1532,Marcus Garrett,0,0,0,0,0.238,23.0,3.0,0,0,4.7,-0.1,0.2,0,0.00042954069443948856
1538,Usman Garuba,0,0,0,0,0.475,390.0,40.0,0,0,12.9,1.1,1.2,0,0.00040803745502648555
1540,Luka Garza,0,0,0,0,0.49,163.0,8.0,0,0,18.4,1.4,0.4,0,0.0006358660081354133
1541,Marc Gasol,0,0,0,3,0.481,6604.0,1254.0,0,5,18.0,42.9,42.4,1,0.06876171700020406
1546,Rudy Gay,0,0,0,0,0.452,6283.0,798.0,0,0,16.3,26.9,34.2,0,0.0015005369207804768
1556,Paul George,0,0,0,8,0.437,5077.0,344.0,10,6,19.4,37.7,43.5,0,0.9818095824767544
1571,Taj Gibson,0,0,0,0,0.518,5570.0,939.0,0,0,15.3,29.0,30.7,0,0.000803569111127008
1573,Josh Giddey,0,0,0,0,0.459,1020.0,51.0,0,0,15.5,-0.1,4.4,0,0.0006533114806975274
1575,Harry Giles,0,0,0,0,0.511,543.0,53.0,0,0,14.8,0.9,2.1,0,0.00045038696815336867
1576,Shai Gilgeous-Alexander,0,0,0,1,0.484,1417.0,226.0,7,6,20.1,18.5,10.5,0,0.005262622849242293
1577,Anthony Gill,0,0,0,0,0.542,235.0,27.0,0,0,12.8,2.4,0.8,0,0.00031670136065207295
1581,Freddie Gillespie,0,0,0,0,0.5,133.0,29.0,0,0,12.5,0.4,0.6,0,0.00036341099594658756
1588,Jacob Gilyard,0,0,0,0,0.333,4.0,0.0,0,0,7.3,0.0,0.1,0,0.00039530125160082495
1602,Rudy Gobert,0,0,0,3,0.654,7933.0,1452.0,0,40,21.8,52.9,41.5,0,0.022521840370870797
1614,Brandon Goodwin,0,0,0,0,0.39,211.0,5.0,0,0,10.6,-0.2,1.2,0,0.0004694313008769625
1615,Jordan Goodwin,0,0,0,0,0.444,206.0,26.0,0,0,14.6,0.8,1.3,0,0.0005551930538760838
1617,Aaron Gordon,0,0,0,0,0.472,3756.0,386.0,0,0,15.7,18.0,17.5,0,0.0007582133810860816
1620,Eric Gordon,0,0,0,0,0.429,1945.0,283.0,0,0,14.0,28.3,10.3,0,0.0005043912729155805
1631,Devonte' Graham,0,0,0,0,0.372,722.0,51.0,0,0,13.5,8.2,4.4,0,0.0006742609124144812
1638,Treveon Graham,0,0,0,0,0.383,400.0,16.0,0,0,7.6,1.0,1.8,0,0.0003633264625831671
1649,Jerami Grant,0,0,0,0,0.456,2472.0,668.0,0,0,14.0,16.8,15.3,0,0.0005676105162670643
1650,Jerian Grant,0,0,0,0,0.411,530.0,33.0,0,0,12.5,4.0,4.3,0,0.0005900251378266602
1657,Hassani Gravett,0,0,0,0,0.474,21.0,1.0,0,0,10.1,0.1,0.1,0,0.00031765636650843887
1663,Josh Gray,0,0,0,0,0.279,12.0,2.0,0,0,4.7,-0.4,0.1,0,0.00037379788182710454
1665,RaiQuan Gray,0,0,0,0,0.5,9.0,1.0,0,0,15.5,0.0,0.0,0,0.0004769795744219605
1672,A.J. Green,0,0,0,0,0.424,45.0,0.0,0,0,11.5,0.5,0.3,0,0.0004307906033367915
1673,Danny Green,0,0,0,0,0.421,2825.0,634.0,0,0,12.6,17.0,32.3,3,0.01670905596961509
1675,Draymond Green,0,0,0,4,0.449,5276.0,771.0,0,1,14.6,19.0,38.4,4,0.6900840311249951
1678,Jalen Green,0,0,0,0,0.42,510.0,36.0,0,0,13.6,1.8,0.7,0,0.0004915910554696054
1679,JaMychal Green,0,0,0,0,0.477,2986.0,226.0,0,0,13.8,11.6,13.1,0,0.0006011149970530256
1680,Javonte Green,0,0,0,0,0.534,528.0,67.0,0,0,13.7,4.4,3.6,0,0.00040076866226412036
1681,Jeff Green,0,0,0,0,0.449,4646.0,556.0,0,0,13.1,25.9,26.0,0,0.0008875281505281079
1683,Josh Green,0,0,0,0,0.516,421.0,22.0,0,0,11.1,2.8,2.7,0,0.0003341275306518281
1711,AJ Griffin,0,0,0,0,0.465,153.0,12.0,0,0,12.6,1.3,0.9,0,0.00042108529962175647
1712,Blake Griffin,0,0,0,6,0.493,6109.0,359.0,9,10,21.0,53.0,28.2,0,0.5711203460387041
1719,Quentin Grimes,0,0,0,0,0.45,323.0,37.0,0,0,11.5,3.7,2.5,0,0.0004215118735519419
1732,Marko Guduric,0,0,0,0,0.395,73.0,8.0,0,0,8.8,-0.3,0.4,0,0.000373574473822791
1742,Kyle Guy,0,0,0,0,0.361,53.0,1.0,0,0,8.9,-0.2,0.3,0,0.00042190186470339523
1744,Rui Hachimura,0,0,0,0,0.48,1049.0,50.0,0,0,13.0,3.5,3.7,0,0.0004335357714954309
1752,Ashton Hagans,0,0,0,0,0.0,0.0,0.0,0,0,-12.4,0.0,0.0,0,0.00019438594821037867
1765,Tyrese Haliburton,0,0,0,1,0.479,689.0,102.0,0,0,19.2,14.4,3.7,0,0.001843610228170683
1767,Devon Hall,0,0,0,0,0.2,7.0,1.0,0,0,3.1,-0.3,0.1,0,0.0004202612459595484
1768,Donta Hall,0,0,0,0,0.702,100.0,16.0,0,0,18.6,0.8,0.4,0,0.00032176135342415393
1769,Jordan Hall,0,0,0,0,0.321,12.0,0.0,0,0,5.5,-0.1,0.0,0,0.00034587506268699827
1770,Josh Hall,0,0,0,0,0.303,59.0,1.0,0,0,1.0,-1.1,0.2,0,0.000248049958097707
1772,Tyler Hall,0,0,0,0,0.0,0.0,0.0,0,0,0.0,0.0,0.0,0,0.0006108035185388692
1794,R.J. Hampton,0,0,0,0,0.41,460.0,32.0,0,0,9.9,-1.5,2.4,0,0.00043699809562503515
1799,Dusty Hannahs,0,0,0,0,0.333,2.0,0.0,0,0,10.1,-0.1,0.0,0,0.0005087228070971075
1814,Tim Hardaway Jr.,0,0,0,0,0.42,1901.0,95.0,0,0,13.6,17.8,10.3,0,0.0006678697824243454
1815,James Harden,0,0,1,10,0.442,5648.0,543.0,69,73,24.4,117.9,40.1,0,0.999996488192225
1820,Jaden Hardy,0,0,0,0,0.438,89.0,7.0,0,0,14.6,0.2,0.5,0,0.0005522075171130767
1824,Maurice Harkless,0,0,0,0,0.474,2198.0,399.0,0,0,11.7,8.9,14.0,0,0.0005480354299367153
1829,Jared Harper,0,0,0,0,0.441,4.0,1.0,0,0,20.5,0.1,0.1,0,0.0009288692838268433
1833,Ron Harper Jr.,0,0,0,0,0.5,7.0,1.0,0,0,15.7,0.1,0.0,0,0.0004853224275652953
1835,Montrezl Harrell,0,0,0,0,0.619,2588.0,404.0,0,0,22.3,30.5,12.4,0,0.0005524030540541221
1848,Gary Harris,0,0,0,0,0.448,1260.0,113.0,0,0,12.3,13.6,9.5,0,0.0005778413119087793
1849,Jalen Harris,0,0,0,0,0.5,18.0,0.0,0,0,15.2,0.1,0.1,0,0.0004667540724282808
1850,Joe Harris,0,0,0,0,0.48,1508.0,93.0,0,0,12.3,15.4,7.7,0,0.0004305722340910287
1851,Kevon Harris,0,0,0,0,0.439,70.0,5.0,0,0,9.2,0.2,0.4,0,0.0003329841426160351
1857,Tobias Harris,0,0,0,0,0.478,5084.0,436.0,0,0,16.7,37.4,26.9,0,0.0010549155241590944
1863,Shaquille Harrison,0,0,0,0,0.435,443.0,64.0,0,0,13.3,0.9,3.4,0,0.0005639901754256958
1865,Josh Hart,0,0,0,0,0.465,2294.0,125.0,0,0,12.8,11.4,10.3,0,0.0005412814959493159
1866,Isaiah Hartenstein,0,0,0,0,0.578,1186.0,204.0,0,0,17.3,7.1,6.1,0,0.0004692293201878112
1871,Udonis Haslem,0,0,0,0,0.489,5791.0,252.0,0,0,12.9,23.1,27.8,3,0.007811727347131831
1878,Sam Hauser,0,0,0,0,0.455,233.0,23.0,0,0,12.9,2.2,1.8,0,0.0004659428064728925
1893,Jaxson Hayes,0,0,0,0,0.622,963.0,167.0,0,0,17.7,9.7,4.3,0,0.00037181372335493517
1895,Killian Hayes,0,0,0,0,0.376,500.0,73.0,0,0,9.1,-4.7,3.5,0,0.000501188822968379
1898,Gordon Hayward,0,0,0,1,0.455,3517.0,308.0,0,0,17.1,40.4,21.7,0,0.002800323177431991
1924,Aaron Henry,0,0,0,0,0.2,1.0,2.0,0,0,-7.4,-0.1,0.0,0,0.00015769556710861475
1932,John Henson,0,0,0,0,0.54,2368.0,642.0,0,0,17.1,9.5,11.2,0,0.00047147454321043556
1937,Dewan Hernandez,0,0,0,0,0.357,14.0,0.0,0,0,12.9,0.0,0.1,0,0.0006108348345379043
1938,Juancho Hernangómez,0,0,0,0,0.428,1131.0,71.0,0,0,11.1,4.3,4.5,0,0.00044448909162228876
1939,Willy Hernangómez,0,0,0,0,0.533,1982.0,134.0,0,0,20.2,10.0,6.2,0,0.0006517479270293647
1943,Tyler Herro,0,0,0,0,0.439,1181.0,50.0,0,0,14.6,2.7,7.8,0,0.0007924600586399179
1946,Kevin Hervey,0,0,0,0,0.259,12.0,1.0,0,0,5.0,-0.2,0.1,0,0.0004101006935449267
1952,Mario Hezonja,0,0,0,0,0.417,1026.0,80.0,0,0,10.5,-2.1,5.2,0,0.0005082200297972612
1958,Buddy Hield,0,0,0,0,0.434,2403.0,162.0,0,0,14.7,12.1,9.4,0,0.0006332579568570488
1967,Haywood Highsmith,0,0,0,0,0.415,219.0,20.0,0,0,8.2,-0.4,1.5,0,0.0003510063110117878
1973,George Hill,0,0,0,0,0.457,2731.0,233.0,0,0,14.6,42.2,28.8,0,0.0016120732041365181
1976,Malcolm Hill,0,0,0,0,0.464,38.0,3.0,0,0,12.8,0.4,0.2,0,0.00042149027986935106
1978,Solomon Hill,0,0,0,0,0.388,1399.0,99.0,0,0,8.7,2.3,9.6,0,0.0005928499971986611
1987,Nate Hinton,0,0,0,0,0.349,9.0,2.0,0,0,9.2,-0.2,0.1,0,0.00044679548433463245
1991,Jaylen Hoard,0,0,0,0,0.49,181.0,10.0,0,0,15.3,0.6,0.6,0,0.0004887941298582696
2003,Aaron Holiday,0,0,0,0,0.413,508.0,63.0,0,0,11.0,0.7,4.9,0,0.0005500363132834773
2004,Jrue Holiday,0,0,0,2,0.462,3702.0,455.0,0,0,17.5,32.8,30.4,1,0.029691662717418462
2005,Justin Holiday,0,0,0,0,0.397,1755.0,274.0,0,0,10.5,4.1,12.9,1,0.0014495714240114286
2013,Rondae Hollis-Jefferson,0,0,0,0,0.449,1684.0,162.0,0,0,14.6,4.3,8.6,0,0.0006882447182624151
2015,Richaun Holmes,0,0,0,0,0.606,2247.0,407.0,0,0,18.7,18.9,8.5,0,0.0003733229965727955
2025,Rodney Hood,0,0,0,0,0.42,1160.0,80.0,0,0,12.1,9.2,8.3,0,0.0006253362002727933
2032,Scotty Hopson,0,0,0,0,0.222,1.0,0.0,0,0,-2.5,-0.2,0.0,0,0.0002309559843486931
2035,Al Horford,0,0,0,5,0.513,8161.0,1187.0,0,2,18.2,59.1,47.5,0,0.20200702279209054
2042,Talen Horton-Tucker,0,0,0,0,0.431,579.0,80.0,0,0,12.5,-0.6,4.7,1,0.0011696571567082865
2045,Danuel House Jr.,0,0,0,0,0.433,821.0,93.0,0,0,10.8,4.9,4.4,0,0.00042937560438505433
2047,Caleb Houstan,0,0,0,0,0.363,99.0,7.0,0,0,6.2,0.1,0.5,0,0.00032697649039533435
2052,Dwight Howard,0,0,0,8,0.587,14627.0,2228.0,0,27,21.3,65.6,76.2,1,0.9597618649314222
2056,Markus Howard,0,0,0,0,0.382,33.0,1.0,0,0,10.9,-0.3,0.3,0,0.00047490568456376594
2060,William Howard,0,0,0,0,0.0,2.0,0.0,0,0,-12.7,-0.1,0.0,0,0.00018928728650558405
2064,Trevor Hudgins,0,0,0,0,0.222,0.0,0.0,0,0,4.2,0.0,0.0,0,0.0004276179769109446
2069,Kevin Huerter,0,0,0,0,0.444,1209.0,120.0,0,0,12.2,8.7,5.7,0,0.0004606941272690031
2071,Jay Huff,0,0,0,0,0.536,25.0,5.0,0,0,18.6,0.3,0.1,0,0.0005620905530125379
2075,Elijah Hughes,0,0,0,0,0.328,67.0,9.0,0,0,5.8,-0.7,0.3,0,0.0003537296081429618
2086,Feron Hunt,0,0,0,0,0.0,1.0,0.0,0,0,-3.0,-0.1,0.0,0,0.00046362836467938917
2090,De'Andre Hunter,0,0,0,0,0.444,856.0,68.0,0,0,10.8,2.5,2.9,0,0.00038503629240677626
2102,Chandler Hutchison,0,0,0,0,0.442,376.0,18.0,0,0,9.4,-0.6,1.7,0,0.00035776813055963586
2105,Bones Hyland,0,0,0,0,0.401,323.0,35.0,0,0,14.6,1.4,2.4,0,0.0006785193089880105
2107,Serge Ibaka,0,0,0,0,0.513,6513.0,1759.0,0,0,17.1,35.7,37.3,1,0.0014515145160219052
2108,Andre Iguodala,0,0,0,1,0.463,6047.0,633.0,0,0,15.4,50.8,49.5,4,0.14288662275813793
2112,Ersan İlyasova,0,0,0,0,0.443,4661.0,293.0,0,0,15.4,25.0,23.8,0,0.0011482028022929262
2115,Joe Ingles,0,0,0,0,0.449,2042.0,96.0,0,0,12.6,19.5,19.9,0,0.0011314192101342991
2118,Brandon Ingram,0,0,0,1,0.464,2142.0,229.0,0,0,15.8,12.1,10.0,0,0.0018064110497329703
2123,Kyrie Irving,0,0,0,8,0.472,2643.0,286.0,10,1,22.4,59.4,20.1,1,0.9533176197994514
2124,Jonathan Isaac,0,0,0,0,0.434,785.0,210.0,0,0,13.9,0.9,6.1,0,0.0006368025993635098
2129,Jaden Ivey,0,0,0,0,0.416,288.0,17.0,0,0,12.1,-0.9,0.8,0,0.0004743157313825915
2132,Wes Iwundu,0,0,0,0,0.408,555.0,51.0,0,0,8.2,0.9,3.3,0,0.00038030274934407513
2141,Frank Jackson,0,0,0,0,0.421,392.0,16.0,0,0,10.4,0.9,1.5,0,0.0004055017930636671
2143,Isaiah Jackson,0,0,0,0,0.563,431.0,145.0,0,0,18.5,2.2,2.0,0,0.0004929308859092189
2145,Jaren Jackson Jr.,0,0,0,1,0.466,1476.0,558.0,0,0,17.9,7.5,11.9,0,0.0023317449542435585
2148,Josh Jackson,0,0,0,0,0.416,1159.0,169.0,0,0,11.4,-6.9,5.2,0,0.0005458770987654935
2149,Justin Jackson,0,0,0,0,0.423,654.0,43.0,0,0,10.0,2.8,2.6,1,0.0007831438782182271
2159,Quenton Jackson,0,0,0,0,0.452,8.0,1.0,0,0,12.2,0.1,0.1,0,0.0004158807363355659
2162,Reggie Jackson,0,0,0,0,0.423,2266.0,94.0,0,0,14.9,17.0,17.1,0,0.0012301473756817377
2179,Justin James,0,0,0,0,0.446,62.0,12.0,0,0,11.2,0.0,0.2,0,0.0003846334629575623
2180,LeBron James,0,0,4,19,0.505,10667.0,1073.0,108,116,27.2,177.1,78.0,4,0.9999999999999991
2181,Mike James,0,0,0,0,0.38,122.0,8.0,0,0,13.4,-0.1,0.5,0,0.0005997958195555423
2189,DeJon Jarreau,0,0,0,0,0.0,0.0,0.0,0,0,0.0,0.0,0.0,0,0.0006108035185388692
2198,Amile Jefferson,0,0,0,0,0.5,44.0,6.0,0,0,14.7,0.2,0.2,0,0.00044511649941865906
2202,DaQuan Jeffries,0,0,0,0,0.438,91.0,11.0,0,0,8.6,0.3,0.3,0,0.0003109318969688602
2212,Ty Jerome,0,0,0,0,0.421,293.0,19.0,0,0,11.9,2.0,2.0,0,0.00048256630676907984
2217,Isaiah Joe,0,0,0,0,0.408,267.0,15.0,0,0,11.9,2.7,2.2,0,0.0005103877957343766
2220,Alize Johnson,0,0,0,0,0.481,228.0,10.0,0,0,14.7,0.5,0.8,0,0.00048183314223801865
2227,B.J. Johnson,0,0,0,0,0.387,38.0,1.0,0,0,9.4,-0.1,0.1,0,0.00039883645744079663
2230,Cameron Johnson,0,0,0,0,0.447,844.0,66.0,0,0,14.2,8.2,6.2,0,0.0006277157101761242
2240,David Johnson,0,0,0,0,0.0,0.0,0.0,0,0,-20.0,0.0,0.0,0,9.634709173143556e-05
2254,Jalen Johnson,0,0,0,0,0.496,308.0,36.0,0,0,13.8,0.7,1.4,0,0.00042813649974406744
2255,James Johnson,0,0,0,0,0.474,2706.0,652.0,0,0,13.9,7.5,20.0,0,0.0008571739635491384
2256,Joe Johnson,0,0,0,7,0.441,5059.0,260.0,2,0,15.4,56.5,26.3,0,0.5610724171804207
2259,Keldon Johnson,0,0,0,0,0.468,1244.0,51.0,0,0,15.0,6.1,4.4,0,0.0005385618788862376
2261,Keon Johnson,0,0,0,0,0.362,125.0,18.0,0,0,8.8,-1.6,0.6,0,0.00042561192217325177
2278,Stanley Johnson,0,0,0,0,0.391,1404.0,106.0,0,0,9.2,-3.3,10.3,0,0.0006984763905058192
2283,Tyler Johnson,0,0,0,0,0.426,1069.0,140.0,0,0,13.0,7.7,8.8,0,0.0006860842607050673
2290,Nikola Jokić,0,0,2,5,0.553,6273.0,423.0,5,43,27.7,68.4,26.2,0,0.932968408632238
2298,Carlik Jones,0,0,0,0,0.292,8.0,0.0,0,0,7.4,-0.1,0.1,0,0.00045815385228689963
2302,Damian Jones,0,0,0,0,0.662,807.0,169.0,0,0,15.3,7.2,3.2,2,0.0010145952073176035
2305,Derrick Jones Jr.,0,0,0,0,0.508,1117.0,230.0,0,0,13.3,9.2,6.7,0,0.0004137975942853852
2314,Herbert Jones,0,0,0,0,0.473,565.0,102.0,0,0,12.2,3.6,5.3,0,0.0004806293749306366
2319,Jemerrio Jones,0,0,0,0,0.389,52.0,5.0,0,0,12.4,0.0,0.3,0,0.0005276834193208029
2324,Kai Jones,0,0,0,0,0.567,134.0,32.0,0,0,10.6,0.0,0.7,0,0.00024631969891778004
2329,Mason Jones,0,0,0,0,0.428,65.0,1.0,0,0,12.9,0.2,0.2,0,0.00048024879569951985
2341,Tre Jones,0,0,0,0,0.469,421.0,16.0,0,0,15.3,4.7,1.9,0,0.0005291703573565537
2342,Tyus Jones,0,0,0,0,0.436,999.0,39.0,0,0,14.9,15.6,9.3,0,0.000799707112139665
2349,DeAndre Jordan,0,0,0,1,0.675,10344.0,1525.0,0,9,18.4,52.1,43.6,0,0.001299482352290852
2360,Cory Joseph,0,0,0,0,0.442,1990.0,176.0,0,0,12.1,15.3,15.2,1,0.0015411605986467374
2364,Nikola Jović,0,0,0,0,0.406,31.0,2.0,0,0,10.6,0.0,0.2,0,0.00042089975073998924
2368,Johnny Juzang,0,0,0,0,0.337,39.0,3.0,0,0,6.5,-0.3,0.1,0,0.00036128355326484215
2369,Mfiondu Kabengele,0,0,0,0,0.383,81.0,15.0,0,0,10.9,-0.1,0.5,0,0.0004716607006757922
2373,Georgios Kalaitzakis,0,0,0,0,0.463,21.0,2.0,0,0,8.6,-0.3,0.2,0,0.000290654608098965
2375,Frank Kaminsky,0,0,0,0,0.43,1579.0,146.0,0,0,14.2,8.0,7.9,0,0.0006516835924125142
2393,Trevor Keels,0,0,0,0,0.25,2.0,0.0,0,0,3.7,0.0,0.0,0,0.0003716341507810747
2408,Luke Kennard,0,0,0,0,0.455,1005.0,49.0,0,0,12.8,10.7,6.9,0,0.0005429456466483277
2422,Walker Kessler,0,0,0,0,0.72,620.0,173.0,0,0,21.5,4.6,2.5,0,0.000369206224812602
2424,Braxton Key,0,0,0,0,0.466,51.0,11.0,0,0,13.9,0.0,0.3,0,0.0004662142735851121
2429,Stanton Kidd,0,0,0,0,0.0,3.0,0.0,0,0,-13.7,-0.1,0.0,0,0.000172566133012917
2431,Michael Kidd-Gilchrist,0,0,0,0,0.474,2420.0,304.0,0,0,13.4,9.6,11.5,0,0.0005411436441394121
2446,George King,0,0,0,0,0.0,6.0,0.0,0,0,-8.9,-0.1,0.0,0,0.0002687113951632564
2450,Louis King,0,0,0,0,0.417,44.0,4.0,0,0,13.0,0.2,0.2,0,0.0005032585290031355
2464,Corey Kispert,0,0,0,0,0.478,416.0,31.0,0,0,11.2,4.5,1.6,0,0.0003408765392964987
2470,Maxi Kleber,0,0,0,0,0.447,1696.0,331.0,0,0,12.0,9.4,8.9,0,0.0004596282697664414
2480,Brandon Knight,0,0,0,0,0.411,1385.0,75.0,0,0,13.7,5.6,6.0,0,0.0006373751691707834
2482,Nathan Knight,0,0,0,0,0.476,213.0,24.0,0,0,15.6,1.1,0.9,0,0.0005279342767373721
2490,Kevin Knox,0,0,0,0,0.385,801.0,72.0,0,0,9.2,-2.5,2.8,0,0.0004326214135854485
2493,Christian Koloko,0,0,0,0,0.48,171.0,57.0,0,0,11.4,0.7,1.0,0,0.00035187320991985266
2497,John Konchar,0,0,0,0,0.483,814.0,59.0,0,0,13.0,4.8,5.2,0,0.0004868433452751787
2501,Furkan Korkmaz,0,0,0,0,0.406,616.0,40.0,0,0,11.3,2.1,5.1,0,0.0005778733878326001
2503,Luke Kornet,0,0,0,0,0.457,576.0,165.0,0,0,14.7,4.0,3.4,0,0.0005215036921768279
2505,Kyle Korver,0,0,0,1,0.442,3643.0,403.0,0,0,12.8,42.9,30.5,0,0.0034994689484814136
2521,Vit Krejci,0,0,0,0,0.407,127.0,9.0,0,0,8.3,0.1,0.6,0,0.0003434168672317925
2534,Arnoldas Kulboka,0,0,0,0,0.0,0.0,0.0,0,0,-10.7,0.0,0.0,0,0.0002274284860251208
2535,Jonathan Kuminga,0,0,0,0,0.519,465.0,53.0,0,0,14.2,2.3,3.2,1,0.0008997001139320761
2540,Rodions Kurucs,0,0,0,0,0.444,406.0,34.0,0,0,10.0,-0.3,2.5,0,0.00039237198656821094
2543,Kyle Kuzma,0,0,0,0,0.449,2579.0,213.0,0,0,13.9,2.3,12.9,1,0.0015969709049934056
2549,Jake LaRavia,0,0,0,0,0.389,63.0,4.0,0,0,6.7,0.0,0.5,0,0.0003164915819811705
2552,Zach LaVine,0,0,0,2,0.465,2221.0,163.0,4,0,17.4,19.9,10.9,0,0.008238073612439487
2553,Skal Labissière,0,0,0,0,0.492,662.0,99.0,0,0,15.0,2.3,2.1,0,0.0004564982158704539
2564,Anthony Lamb,0,0,0,0,0.447,286.0,25.0,0,0,10.3,1.3,1.3,0,0.000363279166354059
2566,Jeremy Lamb,0,0,0,0,0.439,2073.0,218.0,0,0,15.6,13.9,12.9,0,0.0008745280320339078
2572,Jock Landale,0,0,0,0,0.516,418.0,44.0,0,0,16.3,2.5,1.6,0,0.0004894503151150879
2582,Romeo Langford,0,0,0,0,0.43,298.0,42.0,0,0,8.5,0.3,1.8,0,0.0003388989627842218
2600,Vic Law,0,0,0,0,0.333,11.0,0.0,0,0,3.7,-0.1,0.1,0,0.0002836349235593569
2603,A.J. Lawson,0,0,0,0,0.5,21.0,0.0,0,0,13.9,0.1,0.1,0,0.0004137957702380259
2606,Jake Layman,0,0,0,0,0.46,417.0,71.0,0,0,11.1,1.3,2.5,0,0.0003913984109307929
2608,Caris LeVert,0,0,0,0,0.436,1498.0,131.0,0,0,14.5,5.6,10.7,0,0.0008661707396672457
2609,T.J. Leaf,0,0,0,0,0.492,283.0,28.0,0,0,13.7,1.3,1.4,0,0.00043025583156977565
2615,Jalen Lecque,0,0,0,0,0.263,7.0,0.0,0,0,3.2,-0.1,0.0,0,0.0003399744339324889
2619,Courtney Lee,0,0,0,0,0.451,2127.0,213.0,0,0,12.2,20.9,18.4,0,0.0008573343387496741
2620,Damion Lee,0,0,0,0,0.436,982.0,28.0,0,0,11.6,4.7,6.0,1,0.001071148045456771
2633,Saben Lee,0,0,0,0,0.427,229.0,26.0,0,0,13.7,1.2,1.9,0,0.0005623098506054257
2640,Alex Len,0,0,0,0,0.507,3401.0,561.0,0,0,15.2,10.6,11.3,0,0.00040423843583375566
2644,Kawhi Leonard,0,0,0,5,0.495,4027.0,395.0,10,17,23.4,54.4,35.9,2,0.8673769972853166
2645,Meyers Leonard,0,0,0,0,0.482,1771.0,127.0,0,0,12.0,9.2,6.7,0,0.0003946434041891563
2659,Kira Lewis Jr.,0,0,0,0,0.401,143.0,13.0,0,0,10.8,0.2,1.1,0,0.0004562594198506625
2666,Scottie Lewis,0,0,0,0,0.0,0.0,0.0,0,0,14.6,0.0,0.0,0,0.0023486309131052303
2672,Damian Lillard,0,0,0,7,0.439,3253.0,239.0,43,34,22.5,86.8,16.2,0,0.9818018700563181
2676,Nassir Little,0,0,0,0,0.451,613.0,83.0,0,0,11.5,2.6,1.5,0,0.00036661728896878804
2679,Isaiah Livers,0,0,0,0,0.426,200.0,35.0,0,0,9.0,0.9,0.8,0,0.00033562169888818325
2696,Kenneth Lofton Jr.,0,0,0,0,0.527,51.0,2.0,0,0,20.2,0.3,0.2,0,0.0006759266347042312
2708,Kevon Looney,0,0,0,0,0.582,2510.0,256.0,0,0,15.5,17.6,11.5,3,0.003369669330157574
2709,Brook Lopez,0,0,0,1,0.497,5927.0,1723.0,1,0,19.2,46.9,32.5,1,0.0036395851128777877
2712,Robin Lopez,0,0,0,0,0.537,4655.0,1042.0,0,0,15.9,31.8,17.8,0,0.00028996556011101713
2717,Didi Louzada,0,0,0,0,0.326,20.0,2.0,0,0,4.2,-0.2,0.0,0,0.0003013127908723058
2719,Kevin Love,0,0,0,5,0.439,9065.0,354.0,14,17,20.9,60.8,30.4,1,0.5810168149345585
2724,Kyle Lowry,0,0,0,6,0.424,4700.0,319.0,0,6,17.8,71.3,36.8,1,0.6694913241584945
2738,Gabriel Lundberg,0,0,0,0,0.263,7.0,0.0,0,0,7.7,-0.1,0.1,0,0.000519187921944426
2739,Timothé Luwawu-Cabarrot,0,0,0,0,0.391,656.0,42.0,0,0,8.6,1.0,3.7,0,0.00042751261627996885
2741,Trey Lyles,0,0,0,0,0.443,2253.0,187.0,0,0,13.7,7.4,9.6,0,0.0006092073809631427
2762,Daryl Macon,0,0,0,0,0.367,12.0,0.0,0,0,4.3,-0.1,0.0,0,0.00026534147417460046
2764,J.P. Macura,0,0,0,0,0.333,3.0,0.0,0,0,5.4,0.0,0.0,0,0.0003291219218491739
2771,Josh Magette,0,0,0,0,0.328,25.0,2.0,0,0,10.9,0.1,0.2,0,0.0005617295772015335
2775,Will Magnay,0,0,0,0,0.0,0.0,0.0,0,0,-35.1,0.0,0.0,0,2.3886022133826288e-05
2777,Ian Mahinmi,0,0,0,0,0.533,2705.0,443.0,0,0,13.0,9.0,17.1,1,0.0011741896439423178
2784,Thon Maker,0,0,0,0,0.435,726.0,173.0,0,0,12.0,2.6,4.0,0,0.00045587416855637355
2786,Théo Maledon,0,0,0,0,0.377,465.0,34.0,0,0,9.6,-2.4,2.7,0,0.0004913138155557247
2793,Sandro Mamukelashvili,0,0,0,0,0.446,267.0,21.0,0,0,13.9,1.2,0.8,0,0.0004918318801039015
2796,Karim Mané,0,0,0,0,0.231,14.0,2.0,0,0,1.3,-0.1,0.0,0,0.0003168254703289276
2798,Terance Mann,0,0,0,0,0.5,998.0,61.0,0,0,13.3,8.6,5.7,0,0.00045435413224073997
2799,Tre Mann,0,0,0,0,0.393,326.0,23.0,0,0,10.1,-1.6,2.2,0,0.0004760631965694305
2804,Nico Mannion,0,0,0,0,0.342,46.0,1.0,0,0,9.3,-0.2,0.4,0,0.00047072609711004985
2816,Boban Marjanović,0,0,0,0,0.579,1157.0,94.0,0,0,25.4,8.8,4.4,0,0.0009159748465567541
2817,Lauri Markkanen,0,0,0,1,0.455,2474.0,179.0,0,0,16.8,14.6,10.2,0,0.001985035721504477
2826,Naji Marshall,0,0,0,0,0.418,569.0,32.0,0,0,11.6,0.7,3.5,0,0.0005189113679914271
2833,Caleb Martin,0,0,0,0,0.458,753.0,80.0,0,0,12.1,3.1,5.6,0,0.0005114492661691814
2835,Cody Martin,0,0,0,0,0.457,628.0,54.0,0,0,11.5,2.8,3.3,0,0.00042107240652137167
2843,Jeremiah Martin,0,0,0,0,0.384,17.0,4.0,0,0,13.0,-0.2,0.2,0,0.00056734914847153
2844,Kelan Martin,0,0,0,0,0.414,229.0,28.0,0,0,10.4,-0.1,0.8,0,0.00040364912628910364
2846,Kenyon Martin Jr.,0,0,0,0,0.545,991.0,111.0,0,0,14.9,7.8,2.2,0,0.0003351728151647091
2852,Tyrese Martin,0,0,0,0,0.391,12.0,0.0,0,0,7.7,0.0,0.0,0,0.0003346529682379493
2858,Frank Mason III,0,0,0,0,0.396,204.0,15.0,0,0,12.8,0.1,1.1,0,0.0005534471627919078
2863,Garrison Mathews,0,0,0,0,0.396,374.0,37.0,0,0,10.5,5.2,1.5,0,0.00041385978771074254
2865,Dakota Mathias,0,0,0,0,0.389,9.0,3.0,0,0,9.9,0.1,0.1,0,0.0004147634303131788
2867,Bennedict Mathurin,0,0,0,0,0.434,318.0,13.0,0,0,13.1,1.0,0.8,0,0.0004763466541121868
2869,Wesley Matthews,0,0,0,0,0.42,2704.0,193.0,0,0,12.3,31.9,23.2,0,0.00112984067202294
2872,Tyrese Maxey,0,0,0,0,0.479,520.0,53.0,0,0,16.2,9.9,4.7,0,0.0006202405293624987
2886,Skylar Mays,0,0,0,0,0.478,79.0,3.0,0,0,15.9,1.3,0.4,0,0.0005342114588421023
2889,Luc Mbah a Moute,0,0,0,0,0.454,2800.0,263.0,0,0,10.7,6.5,19.5,0,0.0008681156377278718
2893,Miles McBride,0,0,0,0,0.337,92.0,9.0,0,0,7.6,-0.1,1.1,0,0.00042673676712314044
2908,Patrick McCaw,0,0,0,0,0.42,319.0,31.0,0,0,7.8,0.6,3.8,3,0.0031044339497423917
2914,Mac McClung,0,0,0,0,0.462,13.0,1.0,0,0,13.9,0.0,0.1,0,0.00047085117444136136
2915,CJ McCollum,0,0,0,0,0.453,2369.0,261.0,0,0,17.4,30.6,14.0,0,0.000793221639719875
2918,T.J. McConnell,0,0,0,0,0.509,1670.0,104.0,0,0,14.8,11.6,13.4,0,0.0007910152756524906
2931,Jaden McDaniels,0,0,0,0,0.482,832.0,190.0,0,0,10.7,3.2,5.1,0,0.0003638713318048282
2932,Jalen McDaniels,0,0,0,0,0.465,750.0,78.0,0,0,11.8,2.1,4.0,0,0.00043491053305872915
2935,Doug McDermott,0,0,0,0,0.474,1375.0,59.0,0,0,11.9,14.3,5.9,0,0.000388966790174163
2936,Sean McDermott,0,0,0,0,0.394,19.0,3.0,0,0,7.2,0.1,0.1,0,0.00031744023088041895
2948,JaVale McGee,0,0,0,0,0.578,4451.0,1238.0,0,0,19.6,20.9,22.1,3,0.004184688107559875
2953,Bryce McGowens,0,0,0,0,0.396,93.0,6.0,0,0,7.2,-0.4,0.4,0,0.0003212287398268011
2956,Cameron McGriff,0,0,0,0,0.357,15.0,1.0,0,0,12.5,0.1,0.0,0,0.0005827352470765493
2958,Rodney McGruder,0,0,0,0,0.42,885.0,50.0,0,0,9.6,3.6,5.4,0,0.00045246467733946915
2979,Alfonzo McKinnie,0,0,0,0,0.467,454.0,27.0,0,0,10.4,1.4,1.8,0,0.00034771178599847204
2980,JaQuori McLaughlin,0,0,0,0,0.0,0.0,0.0,0,0,-2.9,0.0,0.0,0,0.0004673393367234188
2981,Jordan McLaughlin,0,0,0,0,0.439,313.0,24.0,0,0,13.2,3.7,2.7,0,0.0005254276985024485
2982,Ben McLemore,0,0,0,0,0.414,1269.0,106.0,0,0,9.8,3.4,5.6,0,0.0004369028077784828
3004,Jordan McRae,0,0,0,0,0.417,225.0,30.0,0,0,13.2,0.8,0.9,1,0.0010321618858172765
3021,Nicolò Melli,0,0,0,0,0.392,302.0,26.0,0,0,10.1,1.0,1.4,0,0.000432830382368669
3023,De'Anthony Melton,0,0,0,0,0.414,1155.0,154.0,0,0,13.4,2.1,9.9,0,0.0008554892025128871
3034,Sam Merrill,0,0,0,0,0.415,46.0,1.0,0,0,11.8,0.4,0.3,1,0.0009160246448984306
3036,Chimezie Metu,0,0,0,0,0.492,714.0,79.0,0,0,14.5,1.3,2.8,0,0.00047066823726011313
3043,Khris Middleton,0,0,0,3,0.457,3306.0,128.0,0,0,16.7,30.7,21.8,1,0.05246253055115272
3046,Eric Mika,0,0,0,0,0.667,7.0,0.0,0,0,13.9,0.1,0.0,0,0.00023494332330286974
3053,C.J. Miles,0,0,0,0,0.411,2011.0,254.0,0,0,13.1,14.1,16.0,0,0.0009552878227120794
3064,Darius Miller,0,0,0,0,0.419,447.0,66.0,0,0,8.7,4.4,2.2,0,0.00033633504992450165
3070,Malcolm Miller,0,0,0,0,0.434,36.0,5.0,0,0,8.8,0.3,0.4,1,0.0006567283819452937
3078,Patty Mills,0,0,0,0,0.426,1434.0,76.0,0,0,13.5,20.4,15.3,1,0.002011635074217657
3081,Paul Millsap,0,0,0,4,0.489,7673.0,1045.0,0,0,18.7,49.7,45.7,0,0.10708428977075964
3082,Shake Milton,0,0,0,0,0.455,604.0,63.0,0,0,13.1,4.9,4.8,0,0.000535673039589033
3083,Justin Minaya,0,0,0,0,0.304,15.0,5.0,0,0,4.0,-0.2,0.1,0,0.0003205051377400087
3090,Josh Minott,0,0,0,0,0.5,25.0,6.0,0,0,17.9,0.1,0.2,0,0.0006004763387069558
3094,Davion Mitchell,0,0,0,0,0.429,271.0,39.0,0,0,10.2,0.2,1.4,0,0.00038820740719465484
3095,Donovan Mitchell,0,0,0,4,0.448,1722.0,126.0,6,0,19.6,19.9,18.0,0,0.1593619670915567
3102,Naz Mitrou-Long,0,0,0,0,0.342,13.0,2.0,0,0,5.2,-0.2,0.1,0,0.0003159879379903543
3107,Evan Mobley,0,0,0,0,0.533,1281.0,234.0,0,0,17.1,5.2,8.5,0,0.0006427050313010575
3108,Isaiah Mobley,0,0,0,0,0.429,20.0,3.0,0,0,14.1,0.1,0.2,0,0.0005379607196775027
3115,Adam Mokoka,0,0,0,0,0.404,15.0,1.0,0,0,6.2,-0.1,0.1,0,0.0002812339245532927
3119,Chima Moneke,0,0,0,0,0.5,2.0,0.0,0,0,-3.5,0.0,0.0,0,8.264619322049796e-05
3122,Malik Monk,0,0,0,0,0.43,920.0,97.0,0,0,13.7,4.0,4.9,0,0.0005875761782805293
3124,Greg Monroe,0,0,0,0,0.514,5293.0,373.0,0,0,20.1,29.9,20.5,0,0.0008705911291407657
3129,Moses Moody,0,0,0,0,0.459,185.0,17.0,0,0,10.4,1.3,1.3,1,0.0007203182769536739
3131,Xavier Moon,0,0,0,0,0.467,17.0,3.0,0,0,15.1,0.1,0.2,0,0.0005196269252419745
3133,Matt Mooney,0,0,0,0,0.2,3.0,1.0,0,0,5.4,-0.1,0.0,0,0.0005144252867999286
3136,E'Twaun Moore,0,0,0,0,0.455,1208.0,131.0,0,0,11.4,6.5,8.3,0,0.0005184666053051055
3147,Wendell Moore Jr.,0,0,0,0,0.419,18.0,5.0,0,0,9.3,-0.1,0.2,0,0.0003577288135281695
3148,Ja Morant,0,0,0,2,0.472,1193.0,69.0,0,0,20.3,11.8,7.8,0,0.007854759232305487
3152,Juwan Morgan,0,0,0,0,0.525,61.0,3.0,0,0,9.2,0.4,0.3,0,0.00024755791717687934
3159,Jaylen Morris,0,0,0,0,0.354,23.0,1.0,0,0,5.6,-0.3,0.1,0,0.0003151849272720701
3160,Marcus Morris,0,0,0,0,0.434,3556.0,225.0,0,0,13.2,17.8,20.7,0,0.0010188616615076794
3161,Markieff Morris,0,0,0,0,0.446,3785.0,374.0,0,0,13.5,8.2,19.3,1,0.0017982234418425487
3163,Monte Morris,0,0,0,0,0.481,865.0,61.0,0,0,15.1,16.3,6.4,0,0.0005526708174634868
3178,Johnathan Motley,0,0,0,0,0.552,110.0,5.0,0,0,19.1,0.4,0.4,0,0.0005639924983447805
3185,Emmanuel Mudiay,0,0,0,0,0.401,884.0,88.0,0,0,11.8,-4.2,4.0,0,0.0005738088553303004
3188,Mychal Mulder,0,0,0,0,0.413,107.0,15.0,0,0,8.9,0.3,0.7,0,0.00035700672313658787
3200,Ade Murkey,0,0,0,0,0.0,0.0,0.0,0,0,0.0,0.0,0.0,0,0.0006108035185388692
3210,Trey Murphy III,0,0,0,0,0.461,428.0,50.0,0,0,14.5,6.1,3.4,0,0.0005435829113149233
3212,Dejounte Murray,0,0,0,1,0.458,2309.0,103.0,0,0,17.4,7.0,14.1,0,0.0033930272109567194
3213,Jamal Murray,0,0,0,0,0.447,1515.0,125.0,0,0,16.4,16.9,9.0,0,0.0007442184715829702
3214,Keegan Murray,0,0,0,0,0.453,371.0,42.0,0,0,12.3,2.6,1.7,0,0.00042391739659682943
3222,Džanan Musa,0,0,0,0,0.376,91.0,1.0,0,0,9.1,-0.5,0.5,0,0.0004148135075231865
3223,Mike Muscala,0,0,0,0,0.457,1574.0,235.0,0,0,14.0,10.6,8.5,0,0.0005547842991512796
3229,Svi Mykhailiuk,0,0,0,0,0.403,448.0,25.0,0,0,10.4,0.4,3.0,0,0.0004816552024308972
3237,Abdel Nader,0,0,0,0,0.428,376.0,55.0,0,0,9.3,-0.5,3.2,0,0.00040685048997488954
3243,Larry Nance Jr.,0,0,0,0,0.537,2931.0,236.0,0,0,16.4,17.8,11.5,0,0.0005050624060875414
3244,Shabazz Napier,0,0,0,0,0.397,657.0,48.0,0,0,12.9,2.5,5.6,0,0.000706229233142738
3269,Andrew Nembhard,0,0,0,0,0.441,199.0,13.0,0,0,10.0,0.4,0.8,0,0.00035814593589150045
3270,RJ Nembhard Jr.,0,0,0,0,0.333,7.0,0.0,0,0,8.0,0.0,0.0,0,0.00041819618397497465
3274,Aaron Nesmith,0,0,0,0,0.423,493.0,48.0,0,0,9.6,1.0,2.5,0,0.00038983127964869075
3277,Raul Neto,0,0,0,0,0.458,658.0,34.0,0,0,12.0,4.8,6.8,0,0.000569777702193699
3287,Malik Newman,0,0,0,0,0.429,1.0,0.0,0,0,15.3,0.0,0.0,0,0.000595168153884506
3290,Georges Niang,0,0,0,0,0.438,804.0,46.0,0,0,11.0,4.9,5.7,0,0.0004942660637797797
3300,Daishen Nix,0,0,0,0,0.355,131.0,7.0,0,0,5.9,-1.8,0.4,0,0.00033138304116623853
3303,Zeke Nnaji,0,0,0,0,0.527,350.0,40.0,0,0,12.6,2.6,1.7,0,0.0003415144209376688
3304,Joakim Noah,0,0,0,2,0.491,6058.0,874.0,0,5,17.6,27.7,34.2,0,0.011238769990216143
3308,Nerlens Noel,0,0,0,0,0.546,2835.0,683.0,0,0,16.5,8.7,19.6,0,0.000783796808277813
3321,Zach Norvell,0,0,0,0,0.25,6.0,0.0,0,0,2.6,-0.1,0.0,0,0.0003360286835899353
3327,Jaylen Nowell,0,0,0,0,0.447,401.0,28.0,0,0,14.2,2.6,2.2,0,0.0005395141202774576
3330,Frank Ntilikina,0,0,0,0,0.371,557.0,66.0,0,0,7.7,-3.7,4.1,0,0.0004619148115971816
3331,Kendrick Nunn,0,0,0,0,0.451,468.0,36.0,0,0,13.0,1.2,3.9,0,0.0005477655602380816
3332,James Nunnally,0,0,0,0,0.344,33.0,2.0,0,0,6.8,-0.1,0.1,0,0.00036235729328259217
3333,Jusuf Nurkić,0,0,0,0,0.502,3984.0,533.0,0,0,19.2,9.6,16.4,0,0.0008515763318972386
3335,David Nwaba,0,0,0,0,0.49,866.0,106.0,0,0,13.1,4.6,3.4,0,0.0004006574089009482
3336,Jordan Nwora,0,0,0,0,0.424,510.0,38.0,0,0,11.6,0.0,2.5,1,0.0009551209494272853
3358,Royce O'Neale,0,0,0,0,0.433,2147.0,185.0,0,0,9.7,8.5,15.4,0,0.0006896862531197493
3360,Kyle O'Quinn,0,0,0,0,0.517,2166.0,453.0,0,0,17.9,7.7,10.2,0,0.0006114557151437197
3374,Semi Ojeleye,0,0,0,0,0.384,613.0,19.0,0,0,7.0,1.4,3.8,0,0.000386995469229888
3376,Jahlil Okafor,0,0,0,0,0.542,1169.0,195.0,0,0,16.4,3.3,3.9,0,0.0004353828226206868
3377,Chuma Okeke,0,0,0,0,0.386,624.0,75.0,0,0,11.5,0.1,4.1,0,0.0005825090307090797
3378,Elie Okobo,0,0,0,0,0.395,188.0,11.0,0,0,8.9,-0.3,0.7,0,0.00037932426933317523
3379,Josh Okogie,0,0,0,0,0.4,963.0,133.0,0,0,10.6,2.5,5.6,0,0.0005103492944588781
3380,Onyeka Okongwu,0,0,0,0,0.653,1022.0,200.0,0,0,19.1,8.9,4.4,0,0.0003765690901776313
3381,Isaac Okoro,0,0,0,0,0.459,594.0,76.0,0,0,9.5,4.2,5.2,0,0.0003919810995192672
3382,KZ Okpala,0,0,0,0,0.409,148.0,26.0,0,0,7.0,0.0,1.0,0,0.00030803966875178845
3384,Victor Oladipo,0,0,0,2,0.436,2245.0,230.0,2,0,16.0,6.8,18.8,0,0.01408425539829545
3392,Cameron Oliver,0,0,0,0,0.604,27.0,5.0,0,0,18.6,0.3,0.1,0,0.00044738085873735097
3399,Kelly Olynyk,0,0,0,0,0.478,3507.0,321.0,0,0,15.6,20.1,19.5,0,0.0009078444944590474
3400,Eugene Omoruyi,0,0,0,0,0.442,118.0,3.0,0,0,11.1,0.1,0.5,0,0.0003945414201753168
3401,Miye Oni,0,0,0,0,0.35,108.0,10.0,0,0,6.6,0.2,0.8,0,0.00036119247348662657
3410,Cedi Osman,0,0,0,0,0.427,1231.0,60.0,0,0,11.5,5.0,5.6,0,0.0004971725805280593
3416,Daniel Oturu,0,0,0,0,0.431,53.0,9.0,0,0,12.6,0.1,0.3,0,0.0004648632123476021
3417,Kelly Oubre Jr.,0,0,0,0,0.434,2323.0,249.0,0,0,13.2,6.2,13.0,0,0.0007561022339304725
3430,Tariq Owens,0,0,0,0,0.2,3.0,0.0,0,0,8.4,0.0,0.0,0,0.0006781097232830361
3441,Jaysean Paige,0,0,0,0,0.0,1.0,0.0,0,0,-22.2,-0.1,0.0,0,7.87303595244579e-05
3449,Trayvon Palmer,0,0,0,0,0.0,2.0,0.0,0,0,-5.7,-0.1,0.0,0,0.0003612825429208611
3451,Kevin Pangos,0,0,0,0,0.326,11.0,0.0,0,0,6.5,-0.1,0.1,0,0.00037604266604556304
3456,Jeremy Pargo,0,0,0,0,0.379,89.0,2.0,0,0,8.2,-1.3,0.5,0,0.0003819880997932241
3461,Jabari Parker,0,0,0,0,0.494,1703.0,118.0,0,0,16.3,7.2,6.7,0,0.000588932594216047
3473,Chandler Parsons,0,0,0,0,0.462,1972.0,152.0,0,0,14.7,17.5,11.4,0,0.0006688715874551384
3474,Eric Paschall,0,0,0,0,0.494,509.0,25.0,0,0,14.1,3.3,1.7,0,0.0004292413943426823
3475,Anžejs Pasečņiks,0,0,0,0,0.521,108.0,12.0,0,0,10.6,0.2,0.2,0,0.0002804444489084288
3484,Patrick Patterson,0,0,0,0,0.447,2799.0,296.0,0,0,12.5,18.1,13.8,0,0.0005550924964936236
3489,Justin Patton,0,0,0,0,0.404,60.0,14.0,0,0,11.1,0.0,0.4,0,0.00044521620648193747
3491,Chris Paul,0,0,0,12,0.472,5457.0,194.0,4,69,24.3,148.5,56.5,0,0.9996286957702825
3500,Cameron Payne,0,0,0,0,0.42,730.0,71.0,0,0,13.4,3.1,6.2,0,0.000693493209676146
3503,Elfrid Payton,0,0,0,0,0.447,2007.0,151.0,0,0,14.6,3.5,12.2,0,0.0008989849010047189
3505,Gary Payton II,0,0,0,0,0.548,465.0,43.0,0,0,15.0,3.1,3.9,1,0.0009253254986076372
3516,Norvel Pelle,0,0,0,0,0.529,97.0,41.0,0,0,10.9,-0.1,0.7,0,0.0002876382545181542
3532,Reggie Perry,0,0,0,0,0.459,120.0,12.0,0,0,13.1,0.0,0.4,0,0.0004423570489582106
3562,Jamorko Pickett,0,0,0,0,0.36,32.0,7.0,0,0,7.6,0.0,0.1,0,0.00036796745344814857
3571,Theo Pinson,0,0,0,0,0.32,179.0,7.0,0,0,7.7,-1.0,1.1,0,0.00045696951605586763
3575,Scotty Pippen Jr.,0,0,0,0,0.333,4.0,1.0,0,0,9.6,-0.1,0.0,0,0.00048529348162711853
3581,Mason Plumlee,0,0,0,0,0.595,5078.0,639.0,0,0,17.8,30.4,21.7,0,0.0004984287563687995
3585,Jakob Poeltl,0,0,0,0,0.628,3177.0,610.0,0,0,18.9,21.2,13.6,0,0.0003904538535070752
3586,Vincent Poirier,0,0,0,0,0.417,57.0,12.0,0,0,10.2,-0.1,0.3,0,0.00039040827868399604
3587,Aleksej Pokusevski,0,0,0,0,0.389,689.0,123.0,0,0,10.2,-4.0,3.4,0,0.0004906640105455678
3595,Shamorie Ponds,0,0,0,0,0.6,1.0,1.0,0,0,33.1,0.1,0.0,0,0.0017304261034437266
3596,Yves Pons,0,0,0,0,0.313,12.0,4.0,0,0,5.9,0.0,0.1,0,0.000369994841135905
3597,Jordan Poole,0,0,0,0,0.421,695.0,63.0,0,0,13.8,3.9,6.0,1,0.0014145252090242337
3604,Jontay Porter,0,0,0,0,0.533,14.0,1.0,0,0,9.2,-0.1,0.1,0,0.0002407478206186758
3606,Kevin Porter Jr.,0,0,0,0,0.431,842.0,61.0,0,0,13.8,1.3,2.7,0,0.0005347099432857431
3607,Michael Porter Jr.,0,0,0,0,0.506,1104.0,110.0,0,0,18.3,8.6,5.3,0,0.0006513936573672597
3608,Otto Porter Jr.,0,0,0,0,0.478,2570.0,216.0,0,0,15.6,20.3,16.2,1,0.0017109271637624746
3611,Bobby Portis,0,0,0,0,0.474,3667.0,187.0,0,0,17.1,12.9,13.5,1,0.0015694836549621576
3613,Kristaps Porziņģis,0,0,0,1,0.453,3195.0,735.0,0,0,20.4,18.6,16.2,0,0.0025771204610151974
3618,Micah Potter,0,0,0,0,0.577,25.0,1.0,0,0,16.8,0.2,0.1,0,0.0004166683408486923
3621,Dwight Powell,0,0,0,0,0.599,2663.0,268.0,0,0,17.6,29.9,13.1,0,0.000445316705300279
3624,Myles Powell,0,0,0,0,0.294,6.0,0.0,0,0,0.2,-0.2,0.0,0,0.00023262417634035217
3625,Norman Powell,0,0,0,0,0.465,1263.0,131.0,0,0,14.9,12.8,10.2,1,0.001467481799730527
3634,Jason Preston,0,0,0,0,0.439,22.0,0.0,0,0,10.3,0.0,0.1,0,0.0003645918636674069
3645,Joshua Primo,0,0,0,0,0.372,126.0,25.0,0,0,7.1,-0.8,0.7,0,0.00034884507438767855
3646,Taurean Prince,0,0,0,0,0.421,1574.0,174.0,0,0,11.3,0.2,9.4,0,0.0006328437228392489
3650,Payton Pritchard,0,0,0,0,0.43,380.0,16.0,0,0,12.8,3.4,2.8,0,0.0005264953225012759
3662,Trevelin Queen,0,0,0,0,0.355,33.0,6.0,0,0,12.3,-0.2,0.1,0,0.0005794348976069057
3663,Neemias Queta,0,0,0,0,0.489,42.0,10.0,0,0,13.6,0.1,0.1,0,0.00041344711835605125
3665,Immanuel Quickley,0,0,0,0,0.416,721.0,29.0,0,0,15.6,8.7,5.5,0,0.0007774602091822472
3668,Lester Quinones,0,0,0,0,0.4,3.0,0.0,0,0,8.6,-0.1,0.0,0,0.00035376423461883674
3689,Jahmi'us Ramsey,0,0,0,0,0.406,23.0,2.0,0,0,8.9,-0.1,0.0,0,0.00035498200848496105
3692,Chasson Randle,0,0,0,0,0.401,172.0,10.0,0,0,9.3,0.6,0.8,0,0.0003850804451459028
3693,Julius Randle,0,0,0,2,0.47,5581.0,256.0,0,0,18.1,19.1,20.4,0,0.007635172998982141
3717,Austin Reaves,0,0,0,0,0.501,386.0,39.0,0,0,13.5,6.1,2.2,0,0.00039952671532419054
3719,Josh Reaves,0,0,0,0,0.333,3.0,0.0,0,0,5.8,0.0,0.0,0,0.00034150507273840116
3723,Cam Reddish,0,0,0,0,0.399,513.0,66.0,0,0,10.3,-1.0,3.0,0,0.00047470361923125317
3725,J.J. Redick,0,0,0,0,0.447,1903.0,88.0,0,0,14.9,48.2,15.6,0,0.0006881177627582152
3727,Davon Reed,0,0,0,0,0.408,212.0,15.0,0,0,9.1,0.1,1.3,0,0.00038340573951833163
3730,Paul Reed,0,0,0,0,0.574,415.0,78.0,0,0,20.0,2.0,2.7,0,0.0006081930137619698
3742,Naz Reid,0,0,0,0,0.505,1080.0,222.0,0,0,17.7,4.7,5.4,0,0.0006092431609943113
3754,Cameron Reynolds,0,0,0,0,0.406,36.0,2.0,0,0,9.9,0.3,0.1,0,0.00038954490060965583
3758,Jared Rhoden,0,0,0,0,0.386,37.0,1.0,0,0,6.5,0.0,0.1,0,0.0003057827950968739
3764,Nick Richards,0,0,0,0,0.633,513.0,92.0,0,0,17.3,3.4,1.8,0,0.0003469749534895825
3768,Josh Richardson,0,0,0,0,0.428,1552.0,282.0,0,0,12.5,10.1,15.5,0,0.0009049497073288004
3789,Grant Riller,0,0,0,0,0.667,1.0,0.0,0,0,23.6,0.1,0.0,0,0.0005758068805189903
3795,Austin Rivers,0,0,0,0,0.419,1442.0,112.0,0,0,9.7,5.4,9.8,0,0.0005615827314063318
3800,Andre Roberson,0,0,0,0,0.473,1230.0,199.0,0,0,9.7,4.2,8.4,0,0.00041230472332870726
3823,Duncan Robinson,0,0,0,0,0.429,773.0,53.0,0,0,11.1,7.4,6.2,0,0.0005161351864899719
3827,Glenn Robinson III,0,0,0,0,0.457,776.0,58.0,0,0,11.4,4.2,3.7,0,0.0004127373888675072
3831,Jerome Robinson,0,0,0,0,0.363,208.0,26.0,0,0,6.7,-1.4,1.3,0,0.00036211372252660333
3832,Justin Robinson,0,0,0,0,0.317,33.0,2.0,0,0,4.6,-0.5,0.2,0,0.00032817113100983036
3834,Mitchell Robinson,0,0,0,0,0.712,2275.0,567.0,0,0,20.7,19.8,11.6,0,0.00035281992529635124
3837,Orlando Robinson,0,0,0,0,0.528,126.0,12.0,0,0,13.4,0.5,0.6,0,0.0003637663995266908
3845,Jeremiah Robinson-Earl,0,0,0,0,0.427,454.0,26.0,0,0,12.2,1.5,1.9,0,0.0004729220775239172
3848,Isaiah Roby,0,0,0,0,0.485,667.0,78.0,0,0,13.5,1.1,2.9,0,0.0004472385581186402
3853,David Roddy,0,0,0,0,0.429,193.0,19.0,0,0,8.8,-0.3,1.4,0,0.0003521936223007975
3869,Ryan Rollins,0,0,0,0,0.35,12.0,1.0,0,0,-1.4,-0.3,0.1,0,0.00016761135754380136
3872,Rajon Rondo,0,0,0,4,0.456,4349.0,125.0,0,0,15.8,19.9,41.9,2,0.5844750581294114
3875,Derrick Rose,0,0,1,3,0.456,2279.0,240.0,4,6,18.1,26.6,17.6,0,0.1793607714980647
3884,Terrence Ross,0,0,0,0,0.418,2061.0,231.0,0,0,12.4,9.3,15.7,0,0.0009223297896095998
3901,Terry Rozier,0,0,0,0,0.417,2125.0,129.0,0,0,14.9,12.1,13.7,0,0.0010205812844847795
3902,Ricky Rubio,0,0,0,0,0.388,2830.0,94.0,0,0,15.4,18.2,24.1,0,0.002296198589241951
3922,D'Angelo Russell,0,0,0,1,0.426,1718.0,148.0,0,0,16.5,9.5,9.9,0,0.0025263022155591454
3927,Matt Ryan,0,0,0,0,0.363,26.0,1.0,0,0,8.0,0.1,0.2,0,0.00038241916952821005
3929,Domantas Sabonis,0,0,0,3,0.548,4788.0,223.0,0,9,19.6,28.7,18.5,0,0.017048209968564373
3938,Luka Šamanić,0,0,0,0,0.438,108.0,12.0,0,0,10.0,-0.3,0.5,0,0.00036142034902898523
3941,JaKarr Sampson,0,0,0,0,0.471,628.0,110.0,0,0,10.5,0.4,3.1,0,0.00035814866880446323
3957,Dario Šarić,0,0,0,0,0.443,2293.0,86.0,0,0,14.0,8.3,9.8,0,0.000672003002119559
3958,Olivier Sarr,0,0,0,0,0.557,124.0,20.0,0,0,13.5,0.8,0.5,0,0.0003273129378788977
3961,Tomáš Satoranský,0,0,0,0,0.468,1117.0,60.0,0,0,13.3,11.7,6.2,0,0.0004962713050685922
3978,Jordan Schakel,0,0,0,0,0.154,8.0,0.0,0,0,3.0,-0.1,0.0,0,0.0004809416934438339
3995,Admiral Schofield,0,0,0,0,0.42,198.0,14.0,0,0,8.0,0.5,0.7,0,0.00031633015668255157
3999,Dennis Schröder,0,0,0,0,0.434,1994.0,92.0,0,0,14.4,8.2,18.0,0,0.0014280479770958565
4012,Mike Scott,0,0,0,0,0.453,1727.0,74.0,0,0,12.3,7.9,8.9,0,0.0005664248552577178
4015,Tre Scott,0,0,0,0,0.5,2.0,1.0,0,0,20.4,0.0,0.0,0,0.0007505036950093371
4018,Jay Scrubb,0,0,0,0,0.416,36.0,3.0,0,0,8.8,-0.4,0.3,0,0.0003488968724915379
4020,Dereon Seabron,0,0,0,0,0.4,1.0,0.0,0,0,4.6,0.0,0.0,0,0.0002442393072163329
4027,Thabo Sefolosha,0,0,0,0,0.449,3252.0,366.0,0,0,11.4,10.8,28.5,0,0.0015797258634590962
4031,Wayne Selden,0,0,0,0,0.415,253.0,19.0,0,0,9.1,-1.0,1.1,0,0.00037118646027632033
4040,Alperen Şengün,0,0,0,0,0.522,1071.0,138.0,0,0,18.2,4.2,3.1,0,0.0005379392871687125
4046,Collin Sexton,0,0,0,0,0.464,768.0,29.0,0,0,15.2,6.4,1.5,0,0.0004768132818098616
4054,Landry Shamet,0,0,0,0,0.406,539.0,44.0,0,0,10.1,6.9,4.9,0,0.0004797697760263414
4060,Day'Ron Sharpe,0,0,0,0,0.559,360.0,47.0,0,0,19.0,1.6,1.3,0,0.0005407046505984002
4061,Shaedon Sharpe,0,0,0,0,0.472,236.0,24.0,0,0,11.5,0.6,0.6,0,0.00035922369978009887
4067,Marial Shayok,0,0,0,0,0.25,7.0,1.0,0,0,1.4,-0.1,0.0,0,0.00030052709846724166
4085,Iman Shumpert,0,0,0,0,0.391,1534.0,120.0,0,0,9.7,1.5,11.4,1,0.0014557643370881471
4087,Pascal Siakam,0,0,0,2,0.487,3078.0,307.0,0,0,18.1,22.4,18.7,1,0.01620132922190982
4101,Chris Silva,0,0,0,0,0.609,189.0,28.0,0,0,15.2,0.9,0.8,0,0.0003241939032826377
4103,Ben Simmons,0,0,0,3,0.56,2480.0,223.0,0,0,19.1,15.8,16.8,0,0.020659803437360125
4110,Kobi Simmons,0,0,0,0,0.415,54.0,7.0,0,0,7.7,-0.4,0.2,0,0.0003121009321142608
4114,Marko Simonovic,0,0,0,0,0.273,12.0,1.0,0,0,6.4,-0.1,0.0,0,0.00044115792823113564
4115,Anfernee Simons,0,0,0,0,0.433,617.0,38.0,0,0,13.1,5.7,0.7,0,0.000418867361273179
4118,Zavier Simpson,0,0,0,0,0.365,21.0,4.0,0,0,7.7,-0.2,0.1,0,0.00036756413029670444
4124,Jericho Sims,0,0,0,0,0.758,411.0,50.0,0,0,12.9,2.4,1.7,0,0.00015977514164966996
4132,Deividas Sirvydis,0,0,0,0,0.3,35.0,1.0,0,0,4.7,-0.3,0.2,0,0.00034982396662023814
4149,Alen Smailagić,0,0,0,0,0.463,43.0,9.0,0,0,12.4,0.1,0.2,0,0.0004072459997426496
4150,Javonte Smart,0,0,0,0,0.317,24.0,3.0,0,0,5.1,-0.3,0.2,0,0.0003428907677241106
4152,Marcus Smart,0,0,0,0,0.386,2058.0,214.0,0,0,12.4,9.8,23.5,0,0.0019141624646398436
4165,Dennis Smith Jr.,0,0,0,0,0.403,803.0,97.0,0,0,12.1,-5.4,6.0,0,0.0007012910149005744
4170,Dru Smith,0,0,0,0,0.4,24.0,4.0,0,0,11.4,0.1,0.3,0,0.0004651729978512002
4175,Ish Smith,0,0,0,0,0.429,1844.0,193.0,0,0,13.1,1.9,12.2,0,0.0008433468400615532
4176,J.R. Smith,0,0,0,0,0.419,3073.0,204.0,0,0,13.9,24.3,22.0,2,0.005029676991483227
4178,Jabari Smith Jr.,0,0,0,0,0.408,569.0,74.0,0,0,11.2,0.5,1.4,0,0.00042607122898916225
4179,Jalen Smith,0,0,0,0,0.485,738.0,106.0,0,0,16.4,2.7,2.4,0,0.0005333446986236904
4210,Zhaire Smith,0,0,0,0,0.378,15.0,2.0,0,0,7.6,-0.1,0.1,0,0.0003489494425758775
4214,Xavier Sneed,0,0,0,0,0.35,11.0,1.0,0,0,5.4,0.0,0.0,0,0.00031032517726134234
4215,Tony Snell,0,0,0,0,0.431,1371.0,138.0,0,0,8.9,9.8,8.8,0,0.0004313837126982851
4222,Jeremy Sochan,0,0,0,0,0.453,295.0,23.0,0,0,11.4,-0.5,0.7,0,0.0003854550716931042
4233,Ray Spalding,0,0,0,0,0.529,52.0,10.0,0,0,13.1,-0.1,0.2,0,0.0003484864856486101
4242,Omari Spellman,0,0,0,0,0.417,413.0,49.0,0,0,13.4,1.1,1.3,0,0.0005181820021936606
4253,Jaden Springer,0,0,0,0,0.5,16.0,5.0,0,0,17.8,0.1,0.2,0,0.0005961120150368104
4263,Cassius Stanley,0,0,0,0,0.36,39.0,4.0,0,0,7.1,-0.2,0.2,0,0.0003555794194627456
4267,Nik Stauskas,0,0,0,0,0.389,691.0,80.0,0,0,9.1,1.1,2.8,0,0.00040590784651278793
4276,Lance Stephenson,0,0,0,0,0.445,2251.0,76.0,0,0,12.2,1.5,16.0,0,0.0010287382857360652
4280,Lamar Stevens,0,0,0,0,0.467,467.0,50.0,0,0,10.4,0.7,3.3,0,0.00038826510741627265
4284,Isaiah Stewart,0,0,0,0,0.501,1473.0,198.0,0,0,14.5,4.6,4.8,0,0.00042331469555413777
4324,Max Strus,0,0,0,0,0.427,502.0,30.0,0,0,11.6,4.1,3.9,0,0.0005008503440865715
4328,Jalen Suggs,0,0,0,0,0.387,332.0,46.0,0,0,10.5,-3.1,2.9,0,0.0005346632664408624
4332,Edmond Sumner,0,0,0,0,0.47,244.0,34.0,0,0,12.1,1.0,2.2,0,0.0004279254143623987
4344,Caleb Swanigan,0,0,0,0,0.438,218.0,11.0,0,0,6.8,-0.9,0.7,0,0.0002716745424713433
4348,Cole Swider,0,0,0,0,0.333,7.0,0.0,0,0,7.4,0.0,0.0,0,0.0003956591963228782
4353,Craig Sword,0,0,0,0,0.75,0.0,0.0,0,0,14.2,0.0,0.0,0,0.0001832842240750827
4356,Keifer Sykes,0,0,0,0,0.363,45.0,4.0,0,0,5.9,-0.5,0.1,0,0.00031366895349124155
4368,Jae'Sean Tate,0,0,0,0,0.498,912.0,84.0,0,0,13.8,4.6,2.9,0,0.00040378484223144525
4370,Jayson Tatum,0,0,0,4,0.458,3069.0,303.0,10,8,19.7,23.1,22.5,0,0.22251191060958328
4387,Terry Taylor,0,0,0,0,0.59,219.0,14.0,0,0,16.8,2.4,0.3,0,0.0003792666559507937
4391,Jeff Teague,0,0,0,1,0.444,1989.0,277.0,0,0,16.8,31.4,21.0,1,0.007613711934854365
4396,Garrett Temple,0,0,0,0,0.402,1637.0,236.0,0,0,9.4,2.1,14.4,0,0.0007766140436885803
4403,Dalen Terry,0,0,0,0,0.444,37.0,5.0,0,0,14.1,0.1,0.3,0,0.0005137205334960451
4404,Emanuel Terry,0,0,0,0,0.333,22.0,0.0,0,0,11.0,-0.1,0.1,0,0.0005556854511553648
4406,Tyrell Terry,0,0,0,0,0.353,6.0,0.0,0,0,6.7,-0.1,0.1,0,0.0003501323717644075
4407,Jon Teske,0,0,0,0,0.0,2.0,0.0,0,0,1.5,0.0,0.0,0,0.000701319694564089
4411,Daniel Theis,0,0,0,0,0.543,1531.0,268.0,0,0,15.9,11.2,8.6,0,0.00048654253983023647
4419,Brodric Thomas,0,0,0,0,0.373,63.0,11.0,0,0,8.2,-0.3,0.4,0,0.00038019527434126287
4420,Cam Thomas,0,0,0,0,0.437,256.0,15.0,0,0,13.1,0.3,1.5,0,0.000506872112971784
4425,Isaiah Thomas,0,0,0,2,0.434,1321.0,61.0,8,2,19.6,38.4,7.0,0,0.011292856533538202
4433,Khyri Thomas,0,0,0,0,0.388,39.0,11.0,0,0,11.4,0.1,0.4,0,0.00048468760852247837
4435,Lance Thomas,0,0,0,0,0.416,1021.0,55.0,0,0,8.3,2.4,2.9,0,0.00033188487082631634
4437,Matt Thomas,0,0,0,0,0.433,155.0,4.0,0,0,10.9,1.0,1.0,0,0.00040779183920226623
4456,Klay Thompson,0,0,0,5,0.455,2541.0,378.0,1,0,16.2,29.8,21.9,4,0.7719903130764878
4462,Tristan Thompson,0,0,0,0,0.519,6120.0,501.0,0,0,15.5,30.4,17.2,1,0.0007003960397779867
4463,JT Thor,0,0,0,0,0.406,195.0,34.0,0,0,7.6,-0.5,1.0,0,0.00032719538793662
4470,Sindarius Thornwell,0,0,0,0,0.407,206.0,35.0,0,0,7.6,-0.3,1.5,0,0.0003375847576483203
4475,Matisse Thybulle,0,0,0,0,0.447,522.0,221.0,0,0,10.5,2.2,8.8,0,0.0005569216482890404
4478,Killian Tillie,0,0,0,0,0.337,84.0,23.0,0,0,7.9,-0.1,0.8,0,0.0004245910331720732
4480,Xavier Tillman Sr.,0,0,0,0,0.552,724.0,77.0,0,0,15.8,4.3,4.6,0,0.0004800107745357672
4486,Isaiah Todd,0,0,0,0,0.222,24.0,2.0,0,0,2.2,-0.5,0.1,0,0.0003591652812881523
4490,Anthony Tolliver,0,0,0,0,0.414,2416.0,215.0,0,0,10.9,15.8,10.1,0,0.0004599479676313013
4499,Obi Toppin,0,0,0,0,0.492,593.0,60.0,0,0,15.4,4.1,3.5,0,0.000535738672067661
4503,Juan Toscano-Anderson,0,0,0,0,0.506,586.0,58.0,0,0,10.6,1.5,4.2,1,0.0007232542081386515
4506,Axel Toupane,0,0,0,0,0.378,38.0,10.0,0,0,7.3,0.3,0.2,1,0.0006764312961740614
4511,Karl-Anthony Towns,0,0,0,3,0.526,5701.0,680.0,0,21,24.4,49.3,19.5,0,0.01635278223573537
4517,Gary Trent Jr.,0,0,0,0,0.421,627.0,61.0,0,0,13.7,8.5,5.6,0,0.0006418466766524221
4520,Allonzo Trier,0,0,0,0,0.454,226.0,18.0,0,0,12.5,0.9,0.6,0,0.0004190997685097957
4533,P.J. Tucker,0,0,0,0,0.425,4685.0,255.0,0,0,10.0,18.2,24.4,1,0.001754522151060179
4534,Rayjon Tucker,0,0,0,0,0.5,39.0,1.0,0,0,12.8,0.5,0.3,0,0.0003764990491389619
4542,Evan Turner,0,0,0,0,0.434,3278.0,184.0,0,0,11.9,-0.5,20.7,0,0.0012472961465293882
4549,Myles Turner,0,0,0,0,0.498,3345.0,1124.0,0,0,17.2,16.5,21.7,0,0.0007072613568979435
4564,Stanley Umude,0,0,0,0,0.0,0.0,1.0,0,0,65.6,0.0,0.0,0,0.20724846233616032
4568,Jarrod Uthoff,0,0,0,0,0.411,28.0,4.0,0,0,12.3,0.1,0.1,0,0.0004792563947514409
4571,Jonas Valančiūnas,0,0,0,0,0.561,7375.0,754.0,0,0,20.6,44.8,28.5,0,0.0006840677802183536
4573,Denzel Valentine,0,0,0,0,0.394,857.0,31.0,0,0,10.6,-0.1,4.6,0,0.0005445175934923345
4582,Fred VanVleet,0,0,0,1,0.402,1385.0,169.0,0,0,16.2,17.8,14.7,1,0.007141408712261133
4585,Jarred Vanderbilt,0,0,0,0,0.573,1606.0,115.0,0,0,15.3,7.2,7.1,0,0.00043185978078497995
4591,Anderson Varejão,0,0,0,0,0.509,4531.0,407.0,0,0,15.6,22.1,24.3,0,0.0009524327733280702
4594,Devin Vassell,0,0,0,0,0.427,628.0,76.0,0,0,13.2,2.4,3.7,0,0.0005565715330044912
4607,Gabe Vincent,0,0,0,0,0.399,332.0,19.0,0,0,9.2,-0.3,4.2,0,0.0004950639306526826
4617,Noah Vonleh,0,0,0,0,0.459,1790.0,144.0,0,0,11.8,3.2,6.2,0,0.0004309408834944197
4624,Nikola Vučević,0,0,0,2,0.496,8634.0,732.0,0,1,20.3,31.6,35.6,0,0.011335215137005618
4628,Dean Wade,0,0,0,0,0.439,534.0,53.0,0,0,10.2,2.7,3.6,0,0.0004122937861326706
4635,Franz Wagner,0,0,0,0,0.477,685.0,51.0,0,0,15.3,5.2,4.2,0,0.0005775581095776085
4637,Moritz Wagner,0,0,0,0,0.49,941.0,76.0,0,0,15.4,5.2,4.1,0,0.0005252774034917859
4639,Ish Wainright,0,0,0,0,0.378,193.0,28.0,0,0,9.3,0.6,1.7,0,0.0004396993269042862
4640,Dion Waiters,0,0,0,0,0.412,1108.0,113.0,0,0,12.0,-0.2,9.0,1,0.0015124625469074239
4652,Jabari Walker,0,0,0,0,0.419,131.0,13.0,0,0,9.6,-0.1,0.3,0,0.0003629810483584199
4654,Kemba Walker,0,0,0,4,0.418,2831.0,282.0,1,0,19.1,38.5,21.4,0,0.08953363052122841
4656,Lonnie Walker IV,0,0,0,0,0.422,601.0,68.0,0,0,11.2,-0.1,3.8,0,0.0004957778256749983
4657,M.J. Walker,0,0,0,0,0.0,1.0,0.0,0,0,-3.3,-0.1,0.0,0,0.00045096330498943667
4661,John Wall,0,0,0,5,0.43,2704.0,439.0,0,0,19.0,20.1,24.4,0,0.25964326899032414
4667,Tyrone Wallace,0,0,0,0,0.422,236.0,22.0,0,0,8.1,-1.1,1.2,0,0.00033373995674132294
4676,Derrick Walton,0,0,0,0,0.356,42.0,7.0,0,0,8.9,0.3,0.5,0,0.0004316356878599349
4679,Brad Wanamaker,0,0,0,0,0.421,329.0,33.0,0,0,11.3,2.1,3.3,0,0.0004978869369857018
4693,T.J. Warren,0,0,0,0,0.506,1493.0,180.0,0,0,16.4,14.0,6.8,0,0.0005150404164446025
4703,Duane Washington Jr.,0,0,0,0,0.391,119.0,7.0,0,0,10.0,-1.1,0.5,0,0.00042876177954731293
4707,P.J. Washington,0,0,0,0,0.45,1429.0,263.0,0,0,13.1,3.0,7.6,0,0.0005409003205802661
4712,TyTy Washington Jr.,0,0,0,0,0.363,45.0,2.0,0,0,7.5,-0.3,0.1,0,0.0003631153647149794
4714,Yuta Watanabe,0,0,0,0,0.439,443.0,54.0,0,0,11.3,1.7,2.5,0,0.0004291109592897578
4715,Lindy Waters III,0,0,0,0,0.399,148.0,19.0,0,0,12.4,0.9,1.0,0,0.0005205083269353364
4716,Tremont Waters,0,0,0,0,0.354,37.0,3.0,0,0,10.5,-0.5,0.5,0,0.000511178149219859
4717,Trendon Watford,0,0,0,0,0.547,437.0,40.0,0,0,14.5,2.7,1.2,0,0.0003610354062674928
4723,Paul Watson,0,0,0,0,0.42,89.0,7.0,0,0,9.7,0.3,0.5,0,0.00037259406632694894
4724,Peyton Watson,0,0,0,0,0.492,37.0,11.0,0,0,12.8,0.1,0.2,0,0.00038317312042159614
4733,Quinndary Weatherspoon,0,0,0,0,0.452,32.0,4.0,0,0,8.4,-0.1,0.3,1,0.000595217382452079
4763,Blake Wesley,0,0,0,0,0.321,81.0,5.0,0,0,3.5,-1.9,0.3,0,0.0002980785698147883
4774,Russell Westbrook,0,0,1,9,0.438,7964.0,346.0,42,24,22.2,59.5,48.9,0,0.9999450880133836
4784,Coby White,0,0,0,0,0.419,908.0,38.0,0,0,12.2,3.0,5.8,0,0.0006040463763231091
4786,Derrick White,0,0,0,0,0.447,1157.0,279.0,0,0,15.3,13.3,9.4,0,0.0006857780396996513
4790,Jack White,0,0,0,0,0.421,17.0,2.0,0,0,12.6,0.1,0.1,0,0.00047786617584168444
4805,Hassan Whiteside,0,0,0,0,0.586,5523.0,1143.0,0,0,23.9,26.0,26.0,0,0.0008839499891043472
4810,Greg Whittington,0,0,0,0,0.0,0.0,0.0,0,0,-10.2,-0.1,0.0,0,0.00023850830618380456
4816,Joe Wieskamp,0,0,0,0,0.329,18.0,3.0,0,0,5.6,0.0,0.1,0,0.00034105518884522504
4817,Aaron Wiggins,0,0,0,0,0.489,388.0,25.0,0,0,11.3,1.9,2.0,0,0.0003577891146667799
4818,Andrew Wiggins,0,0,0,1,0.449,2835.0,427.0,0,0,14.8,13.4,12.8,1,0.0033594765896211745
4820,Lindell Wigginton,0,0,0,0,0.449,32.0,3.0,0,0,10.7,0.0,0.2,0,0.00036745215651912816
4844,Alondes Williams,0,0,0,0,0.0,1.0,0.0,0,0,-20.9,-0.1,0.0,0,8.877414331027951e-05
4849,Brandon Williams,0,0,0,0,0.372,74.0,10.0,0,0,11.0,-0.7,0.2,0,0.0004885885958779704
4859,Donovan Williams,0,0,0,0,0.4,2.0,0.0,0,0,14.5,0.0,0.0,0,0.0006091580245619066
4868,Grant Williams,0,0,0,0,0.451,993.0,148.0,0,0,9.7,4.6,7.6,0,0.000443765668020923
4874,Jalen Williams,0,0,0,0,0.521,337.0,35.0,0,0,15.6,3.0,2.6,0,0.0004935173552938113
4878,Jaylin Williams,0,0,0,0,0.436,241.0,12.0,0,0,11.2,0.7,1.2,0,0.0004161459359792463
4880,Jeenathan Williams,0,0,0,0,0.615,15.0,2.0,0,0,15.5,0.3,0.0,0,0.00032251740322261543
4883,Johnathan Williams,0,0,0,0,0.583,163.0,15.0,0,0,14.8,1.0,0.5,0,0.0003367328258469169
4887,Kenrich Williams,0,0,0,0,0.468,1159.0,81.0,0,0,12.2,4.7,5.3,0,0.00045087205606701627
4890,Lou Williams,0,0,0,0,0.419,2484.0,192.0,0,0,18.0,46.6,19.2,0,0.0011737169001408089
4892,Mark Williams,0,0,0,0,0.637,304.0,45.0,0,0,19.8,1.5,1.3,0,0.0004528822703019189
4893,Marvin Williams,0,0,0,0,0.443,5546.0,577.0,0,0,13.6,36.3,28.9,0,0.0008999882777472574
4901,Patrick Williams,0,0,0,0,0.477,723.0,125.0,0,0,11.1,1.4,5.5,0,0.000432143521638411
4907,Robert Williams,0,0,0,0,0.732,1447.0,348.0,0,4,22.3,13.3,9.0,0,0.0004614752936920123
4919,Vince Williams Jr.,0,0,0,0,0.3,15.0,2.0,0,0,3.9,-0.3,0.2,0,0.0003255614090339342
4923,Ziaire Williams,0,0,0,0,0.444,208.0,18.0,0,0,9.0,0.6,1.8,0,0.000347292061090173
4924,Nigel Williams-Goss,0,0,0,0,0.313,6.0,1.0,0,0,8.1,-0.1,0.1,0,0.0004553084594413056
4927,Zion Williamson,0,0,0,2,0.605,793.0,64.0,3,0,26.0,10.9,3.3,0,0.00841143118346513
4935,D.J. Wilson,0,0,0,0,0.419,452.0,43.0,0,0,10.7,0.1,2.7,0,0.00045406091097635327
4951,Dylan Windler,0,0,0,0,0.416,196.0,15.0,0,0,9.9,0.2,1.1,0,0.00039586012066186255
4958,Justise Winslow,0,0,0,0,0.412,1760.0,137.0,0,0,10.3,-2.8,11.0,0,0.0007048990895813404
4960,Cassius Winston,0,0,0,0,0.409,10.0,1.0,0,0,9.4,0.1,0.1,0,0.00037084480732224855
4966,James Wiseman,0,0,0,0,0.537,493.0,63.0,0,0,14.4,0.2,1.9,1,0.0007928051523056545
4978,Christian Wood,0,0,0,0,0.518,2112.0,262.0,0,0,20.4,11.3,7.6,0,0.0006865029090926953
4982,Robert Woodard II,0,0,0,0,0.278,27.0,4.0,0,0,7.5,-0.2,0.1,0,0.00048266660457251583
5002,Delon Wright,0,0,0,0,0.455,1498.0,165.0,0,0,15.6,14.6,11.9,0,0.0008514874852069798
5013,McKinley Wright IV,0,0,0,0,0.475,47.0,5.0,0,0,12.3,0.3,0.2,0,0.0003874121881699317
5014,Moses Wright,0,0,0,0,0.25,3.0,1.0,0,0,18.3,0.0,0.0,0,0.0014287434288738983
5016,Justin Wright-Foreman,0,0,0,0,0.35,5.0,0.0,0,0,8.8,-0.1,0.1,0,0.00042940496500461857
5027,Gabe York,0,0,0,0,0.357,8.0,1.0,0,0,12.1,0.1,0.1,0,0.0005666123648409127
5036,Thaddeus Young,0,0,0,0,0.503,6511.0,453.0,0,0,16.4,33.1,37.5,0,0.0018882266884661417
5038,Trae Young,0,0,0,2,0.437,1302.0,51.0,15,5,22.2,28.1,4.9,0,0.026904241218140397
5040,Omer Yurtseven,0,0,0,0,0.533,317.0,22.0,0,0,17.3,0.9,1.5,0,0.0005297938249100135
5043,Cody Zeller,0,0,0,0,0.522,3013.0,325.0,0,0,16.2,18.6,14.1,0,0.0005877194172502565
5048,Tyler Zeller,0,0,0,0,0.508,1820.0,241.0,0,0,14.9,10.4,6.6,0,0.000422149061378967
5056,Ante Žižić,0,0,0,0,0.581,446.0,40.0,0,0,17.4,2.8,0.6,0,0.0004004492925073435
5059,Ivica Zubac,0,0,0,0,0.605,3106.0,402.0,0,0,18.6,20.2,12.6,0,0.0004505676753072918
